1D,Points:,10,Time:,8.130073547363281e-05
1D,Points:,10,Time:,2.9087066650390625e-05
1D,Points:,10,Time:,2.5987625122070312e-05
1D,Points:,10,Time:,2.5510787963867188e-05
1D,Points:,10,Time:,2.6941299438476562e-05
1D,Points:,10,Time:,2.5033950805664062e-05
1D,Points:,10,Time:,2.6464462280273438e-05
1D,Points:,10,Time:,2.9325485229492188e-05
1D,Points:,10,Time:,2.7179718017578125e-05
1D,Points:,10,Time:,2.6702880859375e-05
1D,Points:,10,Time:,2.5272369384765625e-05
1D,Points:,10,Time:,2.47955322265625e-05
1D,Points:,10,Time:,2.6226043701171875e-05
1D,Points:,10,Time:,2.6702880859375e-05
1D,Points:,10,Time:,2.5510787963867188e-05
1D,Points:,10,Time:,2.6464462280273438e-05
1D,Points:,10,Time:,2.6226043701171875e-05
1D,Points:,10,Time:,0.00020766258239746094
1D,Points:,10,Time:,2.7894973754882812e-05
1D,Points:,10,Time:,2.6941299438476562e-05
1D,Points:,11,Time:,3.981590270996094e-05
1D,Points:,11,Time:,2.9802322387695312e-05
1D,Points:,11,Time:,2.7179718017578125e-05
1D,Points:,11,Time:,2.7418136596679688e-05
1D,Points:,11,Time:,2.9802322387695312e-05
1D,Points:,11,Time:,2.86102294921875e-05
1D,Points:,11,Time:,3.170967102050781e-05
1D,Points:,11,Time:,3.075599670410156e-05
1D,Points:,11,Time:,2.7418136596679688e-05
1D,Points:,11,Time:,2.7179718017578125e-05
1D,Points:,11,Time:,2.8848648071289062e-05
1D,Points:,11,Time:,2.7179718017578125e-05
1D,Points:,11,Time:,2.86102294921875e-05
1D,Points:,11,Time:,2.765655517578125e-05
1D,Points:,11,Time:,2.7418136596679688e-05
1D,Points:,11,Time:,2.7179718017578125e-05
1D,Points:,11,Time:,2.7418136596679688e-05
1D,Points:,11,Time:,2.7179718017578125e-05
1D,Points:,11,Time:,2.7179718017578125e-05
1D,Points:,11,Time:,2.7418136596679688e-05
1D,Points:,12,Time:,0.0004761219024658203
1D,Points:,12,Time:,3.504753112792969e-05
1D,Points:,12,Time:,2.6226043701171875e-05
1D,Points:,12,Time:,4.4345855712890625e-05
1D,Points:,12,Time:,3.0994415283203125e-05
1D,Points:,12,Time:,3.147125244140625e-05
1D,Points:,12,Time:,2.9802322387695312e-05
1D,Points:,12,Time:,0.0002818107604980469
1D,Points:,12,Time:,3.218650817871094e-05
1D,Points:,12,Time:,2.9802322387695312e-05
1D,Points:,12,Time:,2.956390380859375e-05
1D,Points:,12,Time:,3.409385681152344e-05
1D,Points:,12,Time:,2.956390380859375e-05
1D,Points:,12,Time:,3.0994415283203125e-05
1D,Points:,12,Time:,2.956390380859375e-05
1D,Points:,12,Time:,3.0517578125e-05
1D,Points:,12,Time:,2.9802322387695312e-05
1D,Points:,12,Time:,2.9802322387695312e-05
1D,Points:,12,Time:,3.123283386230469e-05
1D,Points:,12,Time:,2.9802322387695312e-05
1D,Points:,13,Time:,4.315376281738281e-05
1D,Points:,13,Time:,3.2901763916015625e-05
1D,Points:,13,Time:,3.3855438232421875e-05
1D,Points:,13,Time:,3.337860107421875e-05
1D,Points:,13,Time:,0.0001533031463623047
1D,Points:,13,Time:,3.62396240234375e-05
1D,Points:,13,Time:,3.1948089599609375e-05
1D,Points:,13,Time:,3.218650817871094e-05
1D,Points:,13,Time:,3.170967102050781e-05
1D,Points:,13,Time:,3.4332275390625e-05
1D,Points:,13,Time:,3.170967102050781e-05
1D,Points:,13,Time:,3.1948089599609375e-05
1D,Points:,13,Time:,3.170967102050781e-05
1D,Points:,13,Time:,3.170967102050781e-05
1D,Points:,13,Time:,3.170967102050781e-05
1D,Points:,13,Time:,3.314018249511719e-05
1D,Points:,13,Time:,3.314018249511719e-05
1D,Points:,13,Time:,3.170967102050781e-05
1D,Points:,13,Time:,3.170967102050781e-05
1D,Points:,13,Time:,3.504753112792969e-05
1D,Points:,14,Time:,2.7179718017578125e-05
1D,Points:,14,Time:,1.8835067749023438e-05
1D,Points:,14,Time:,1.6689300537109375e-05
1D,Points:,14,Time:,1.6927719116210938e-05
1D,Points:,14,Time:,1.6450881958007812e-05
1D,Points:,14,Time:,1.9311904907226562e-05
1D,Points:,14,Time:,1.7404556274414062e-05
1D,Points:,14,Time:,1.811981201171875e-05
1D,Points:,14,Time:,1.6450881958007812e-05
1D,Points:,14,Time:,1.7642974853515625e-05
1D,Points:,14,Time:,1.8835067749023438e-05
1D,Points:,14,Time:,1.6450881958007812e-05
1D,Points:,14,Time:,1.7404556274414062e-05
1D,Points:,14,Time:,1.811981201171875e-05
1D,Points:,14,Time:,1.6450881958007812e-05
1D,Points:,14,Time:,1.71661376953125e-05
1D,Points:,14,Time:,1.621246337890625e-05
1D,Points:,14,Time:,1.6450881958007812e-05
1D,Points:,14,Time:,1.5974044799804688e-05
1D,Points:,14,Time:,1.6450881958007812e-05
1D,Points:,15,Time:,2.7418136596679688e-05
1D,Points:,15,Time:,1.8358230590820312e-05
1D,Points:,15,Time:,1.811981201171875e-05
1D,Points:,15,Time:,1.9073486328125e-05
1D,Points:,15,Time:,1.7404556274414062e-05
1D,Points:,15,Time:,1.7642974853515625e-05
1D,Points:,15,Time:,1.7642974853515625e-05
1D,Points:,15,Time:,1.7642974853515625e-05
1D,Points:,15,Time:,1.811981201171875e-05
1D,Points:,15,Time:,1.8596649169921875e-05
1D,Points:,15,Time:,1.8358230590820312e-05
1D,Points:,15,Time:,1.7642974853515625e-05
1D,Points:,15,Time:,1.7642974853515625e-05
1D,Points:,15,Time:,1.811981201171875e-05
1D,Points:,15,Time:,1.71661376953125e-05
1D,Points:,15,Time:,1.7642974853515625e-05
1D,Points:,15,Time:,1.7404556274414062e-05
1D,Points:,15,Time:,1.7642974853515625e-05
1D,Points:,15,Time:,1.7881393432617188e-05
1D,Points:,15,Time:,1.7881393432617188e-05
1D,Points:,16,Time:,3.4809112548828125e-05
1D,Points:,16,Time:,2.002716064453125e-05
1D,Points:,16,Time:,2.002716064453125e-05
1D,Points:,16,Time:,1.8835067749023438e-05
1D,Points:,16,Time:,1.9311904907226562e-05
1D,Points:,16,Time:,2.0265579223632812e-05
1D,Points:,16,Time:,2.0265579223632812e-05
1D,Points:,16,Time:,1.9073486328125e-05
1D,Points:,16,Time:,1.8835067749023438e-05
1D,Points:,16,Time:,1.8596649169921875e-05
1D,Points:,16,Time:,1.8596649169921875e-05
1D,Points:,16,Time:,1.9073486328125e-05
1D,Points:,16,Time:,1.9550323486328125e-05
1D,Points:,16,Time:,1.9311904907226562e-05
1D,Points:,16,Time:,1.9311904907226562e-05
1D,Points:,16,Time:,2.0265579223632812e-05
1D,Points:,16,Time:,2.1696090698242188e-05
1D,Points:,16,Time:,2.0503997802734375e-05
1D,Points:,16,Time:,1.8835067749023438e-05
1D,Points:,16,Time:,1.9550323486328125e-05
1D,Points:,17,Time:,4.9114227294921875e-05
1D,Points:,17,Time:,2.193450927734375e-05
1D,Points:,17,Time:,2.288818359375e-05
1D,Points:,17,Time:,2.1457672119140625e-05
1D,Points:,17,Time:,2.09808349609375e-05
1D,Points:,17,Time:,2.2649765014648438e-05
1D,Points:,17,Time:,2.09808349609375e-05
1D,Points:,17,Time:,2.2172927856445312e-05
1D,Points:,17,Time:,2.1219253540039062e-05
1D,Points:,17,Time:,2.1219253540039062e-05
1D,Points:,17,Time:,2.09808349609375e-05
1D,Points:,17,Time:,2.2411346435546875e-05
1D,Points:,17,Time:,2.09808349609375e-05
1D,Points:,17,Time:,2.09808349609375e-05
1D,Points:,17,Time:,2.1696090698242188e-05
1D,Points:,17,Time:,2.1219253540039062e-05
1D,Points:,17,Time:,2.193450927734375e-05
1D,Points:,17,Time:,2.2649765014648438e-05
1D,Points:,17,Time:,2.2172927856445312e-05
1D,Points:,17,Time:,2.1696090698242188e-05
1D,Points:,18,Time:,3.886222839355469e-05
1D,Points:,18,Time:,2.384185791015625e-05
1D,Points:,18,Time:,2.1696090698242188e-05
1D,Points:,18,Time:,2.1219253540039062e-05
1D,Points:,18,Time:,2.384185791015625e-05
1D,Points:,18,Time:,2.2649765014648438e-05
1D,Points:,18,Time:,2.193450927734375e-05
1D,Points:,18,Time:,2.3603439331054688e-05
1D,Points:,18,Time:,2.1696090698242188e-05
1D,Points:,18,Time:,2.2411346435546875e-05
1D,Points:,18,Time:,2.2649765014648438e-05
1D,Points:,18,Time:,2.1457672119140625e-05
1D,Points:,18,Time:,2.3365020751953125e-05
1D,Points:,18,Time:,2.1696090698242188e-05
1D,Points:,18,Time:,2.1696090698242188e-05
1D,Points:,18,Time:,2.384185791015625e-05
1D,Points:,18,Time:,2.3126602172851562e-05
1D,Points:,18,Time:,2.2411346435546875e-05
1D,Points:,18,Time:,2.09808349609375e-05
1D,Points:,18,Time:,2.2172927856445312e-05
1D,Points:,19,Time:,3.5762786865234375e-05
1D,Points:,19,Time:,2.47955322265625e-05
1D,Points:,19,Time:,2.4318695068359375e-05
1D,Points:,19,Time:,2.288818359375e-05
1D,Points:,19,Time:,2.384185791015625e-05
1D,Points:,19,Time:,2.4557113647460938e-05
1D,Points:,19,Time:,2.288818359375e-05
1D,Points:,19,Time:,2.47955322265625e-05
1D,Points:,19,Time:,2.47955322265625e-05
1D,Points:,19,Time:,2.5033950805664062e-05
1D,Points:,19,Time:,2.3126602172851562e-05
1D,Points:,19,Time:,2.5033950805664062e-05
1D,Points:,19,Time:,2.5272369384765625e-05
1D,Points:,19,Time:,2.288818359375e-05
1D,Points:,19,Time:,2.288818359375e-05
1D,Points:,19,Time:,2.384185791015625e-05
1D,Points:,19,Time:,2.4080276489257812e-05
1D,Points:,19,Time:,2.3603439331054688e-05
1D,Points:,19,Time:,2.4080276489257812e-05
1D,Points:,19,Time:,2.288818359375e-05
1D,Points:,20,Time:,4.1961669921875e-05
1D,Points:,20,Time:,2.384185791015625e-05
1D,Points:,20,Time:,2.3365020751953125e-05
1D,Points:,20,Time:,2.4080276489257812e-05
1D,Points:,20,Time:,2.5272369384765625e-05
1D,Points:,20,Time:,2.4557113647460938e-05
1D,Points:,20,Time:,2.5987625122070312e-05
1D,Points:,20,Time:,2.384185791015625e-05
1D,Points:,20,Time:,2.384185791015625e-05
1D,Points:,20,Time:,2.3603439331054688e-05
1D,Points:,20,Time:,2.4318695068359375e-05
1D,Points:,20,Time:,2.3603439331054688e-05
1D,Points:,20,Time:,2.4557113647460938e-05
1D,Points:,20,Time:,2.4080276489257812e-05
1D,Points:,20,Time:,2.5272369384765625e-05
1D,Points:,20,Time:,2.384185791015625e-05
1D,Points:,20,Time:,2.384185791015625e-05
1D,Points:,20,Time:,2.4557113647460938e-05
1D,Points:,20,Time:,2.3603439331054688e-05
1D,Points:,20,Time:,2.384185791015625e-05
1D,Points:,21,Time:,4.4345855712890625e-05
1D,Points:,21,Time:,2.7894973754882812e-05
1D,Points:,21,Time:,2.7894973754882812e-05
1D,Points:,21,Time:,2.5987625122070312e-05
1D,Points:,21,Time:,2.6226043701171875e-05
1D,Points:,21,Time:,2.6941299438476562e-05
1D,Points:,21,Time:,2.7894973754882812e-05
1D,Points:,21,Time:,2.5987625122070312e-05
1D,Points:,21,Time:,2.6941299438476562e-05
1D,Points:,21,Time:,2.6226043701171875e-05
1D,Points:,21,Time:,2.8371810913085938e-05
1D,Points:,21,Time:,2.5987625122070312e-05
1D,Points:,21,Time:,2.6226043701171875e-05
1D,Points:,21,Time:,2.765655517578125e-05
1D,Points:,21,Time:,2.574920654296875e-05
1D,Points:,21,Time:,2.574920654296875e-05
1D,Points:,21,Time:,2.5272369384765625e-05
1D,Points:,21,Time:,2.7418136596679688e-05
1D,Points:,21,Time:,2.5987625122070312e-05
1D,Points:,21,Time:,2.6464462280273438e-05
1D,Points:,22,Time:,6.818771362304688e-05
1D,Points:,22,Time:,2.7894973754882812e-05
1D,Points:,22,Time:,2.6702880859375e-05
1D,Points:,22,Time:,2.47955322265625e-05
1D,Points:,22,Time:,2.5033950805664062e-05
1D,Points:,22,Time:,2.47955322265625e-05
1D,Points:,22,Time:,2.6226043701171875e-05
1D,Points:,22,Time:,2.6941299438476562e-05
1D,Points:,22,Time:,2.5272369384765625e-05
1D,Points:,22,Time:,2.574920654296875e-05
1D,Points:,22,Time:,2.5987625122070312e-05
1D,Points:,22,Time:,2.6702880859375e-05
1D,Points:,22,Time:,2.574920654296875e-05
1D,Points:,22,Time:,2.5987625122070312e-05
1D,Points:,22,Time:,2.5987625122070312e-05
1D,Points:,22,Time:,2.5987625122070312e-05
1D,Points:,22,Time:,2.5272369384765625e-05
1D,Points:,22,Time:,2.574920654296875e-05
1D,Points:,22,Time:,2.47955322265625e-05
1D,Points:,22,Time:,2.47955322265625e-05
1D,Points:,23,Time:,4.315376281738281e-05
1D,Points:,23,Time:,2.7894973754882812e-05
1D,Points:,23,Time:,2.6941299438476562e-05
1D,Points:,23,Time:,2.6464462280273438e-05
1D,Points:,23,Time:,2.6941299438476562e-05
1D,Points:,23,Time:,2.8133392333984375e-05
1D,Points:,23,Time:,2.6941299438476562e-05
1D,Points:,23,Time:,2.5987625122070312e-05
1D,Points:,23,Time:,2.6226043701171875e-05
1D,Points:,23,Time:,2.6702880859375e-05
1D,Points:,23,Time:,2.6226043701171875e-05
1D,Points:,23,Time:,2.7179718017578125e-05
1D,Points:,23,Time:,2.7179718017578125e-05
1D,Points:,23,Time:,2.6464462280273438e-05
1D,Points:,23,Time:,2.6226043701171875e-05
1D,Points:,23,Time:,2.8133392333984375e-05
1D,Points:,23,Time:,2.6941299438476562e-05
1D,Points:,23,Time:,2.7179718017578125e-05
1D,Points:,23,Time:,2.8133392333984375e-05
1D,Points:,23,Time:,2.9087066650390625e-05
1D,Points:,24,Time:,4.935264587402344e-05
1D,Points:,24,Time:,2.956390380859375e-05
1D,Points:,24,Time:,2.9087066650390625e-05
1D,Points:,24,Time:,2.9087066650390625e-05
1D,Points:,24,Time:,2.9802322387695312e-05
1D,Points:,24,Time:,2.9087066650390625e-05
1D,Points:,24,Time:,2.8848648071289062e-05
1D,Points:,24,Time:,2.8848648071289062e-05
1D,Points:,24,Time:,2.7894973754882812e-05
1D,Points:,24,Time:,2.7894973754882812e-05
1D,Points:,24,Time:,2.7179718017578125e-05
1D,Points:,24,Time:,2.7179718017578125e-05
1D,Points:,24,Time:,2.7179718017578125e-05
1D,Points:,24,Time:,4.1961669921875e-05
1D,Points:,24,Time:,5.7697296142578125e-05
1D,Points:,24,Time:,2.86102294921875e-05
1D,Points:,24,Time:,2.7418136596679688e-05
1D,Points:,24,Time:,2.7418136596679688e-05
1D,Points:,24,Time:,2.8371810913085938e-05
1D,Points:,24,Time:,2.7894973754882812e-05
1D,Points:,25,Time:,4.887580871582031e-05
1D,Points:,25,Time:,2.9802322387695312e-05
1D,Points:,25,Time:,2.8133392333984375e-05
1D,Points:,25,Time:,2.9087066650390625e-05
1D,Points:,25,Time:,2.9087066650390625e-05
1D,Points:,25,Time:,2.8371810913085938e-05
1D,Points:,25,Time:,2.86102294921875e-05
1D,Points:,25,Time:,2.8371810913085938e-05
1D,Points:,25,Time:,2.86102294921875e-05
1D,Points:,25,Time:,3.123283386230469e-05
1D,Points:,25,Time:,2.86102294921875e-05
1D,Points:,25,Time:,2.9325485229492188e-05
1D,Points:,25,Time:,2.9087066650390625e-05
1D,Points:,25,Time:,3.0040740966796875e-05
1D,Points:,25,Time:,2.86102294921875e-05
1D,Points:,25,Time:,2.9087066650390625e-05
1D,Points:,25,Time:,2.86102294921875e-05
1D,Points:,25,Time:,3.0040740966796875e-05
1D,Points:,25,Time:,3.0040740966796875e-05
1D,Points:,25,Time:,2.9087066650390625e-05
1D,Points:,26,Time:,4.7206878662109375e-05
1D,Points:,26,Time:,3.24249267578125e-05
1D,Points:,26,Time:,3.123283386230469e-05
1D,Points:,26,Time:,3.0279159545898438e-05
1D,Points:,26,Time:,2.956390380859375e-05
1D,Points:,26,Time:,3.0994415283203125e-05
1D,Points:,26,Time:,3.123283386230469e-05
1D,Points:,26,Time:,3.1948089599609375e-05
1D,Points:,26,Time:,3.075599670410156e-05
1D,Points:,26,Time:,3.0517578125e-05
1D,Points:,26,Time:,3.0279159545898438e-05
1D,Points:,26,Time:,3.147125244140625e-05
1D,Points:,26,Time:,3.170967102050781e-05
1D,Points:,26,Time:,3.170967102050781e-05
1D,Points:,26,Time:,3.123283386230469e-05
1D,Points:,26,Time:,3.147125244140625e-05
1D,Points:,26,Time:,3.123283386230469e-05
1D,Points:,26,Time:,3.0279159545898438e-05
1D,Points:,26,Time:,3.170967102050781e-05
1D,Points:,26,Time:,3.314018249511719e-05
1D,Points:,27,Time:,4.863739013671875e-05
1D,Points:,27,Time:,3.123283386230469e-05
1D,Points:,27,Time:,3.0994415283203125e-05
1D,Points:,27,Time:,3.0279159545898438e-05
1D,Points:,27,Time:,3.0040740966796875e-05
1D,Points:,27,Time:,3.0279159545898438e-05
1D,Points:,27,Time:,3.075599670410156e-05
1D,Points:,27,Time:,3.24249267578125e-05
1D,Points:,27,Time:,3.0994415283203125e-05
1D,Points:,27,Time:,3.2901763916015625e-05
1D,Points:,27,Time:,3.24249267578125e-05
1D,Points:,27,Time:,3.62396240234375e-05
1D,Points:,27,Time:,3.1948089599609375e-05
1D,Points:,27,Time:,3.314018249511719e-05
1D,Points:,27,Time:,3.361701965332031e-05
1D,Points:,27,Time:,3.314018249511719e-05
1D,Points:,27,Time:,3.1948089599609375e-05
1D,Points:,27,Time:,3.0994415283203125e-05
1D,Points:,27,Time:,3.218650817871094e-05
1D,Points:,27,Time:,3.218650817871094e-05
1D,Points:,28,Time:,5.4836273193359375e-05
1D,Points:,28,Time:,3.4332275390625e-05
1D,Points:,28,Time:,3.2901763916015625e-05
1D,Points:,28,Time:,3.147125244140625e-05
1D,Points:,28,Time:,3.218650817871094e-05
1D,Points:,28,Time:,3.1948089599609375e-05
1D,Points:,28,Time:,3.337860107421875e-05
1D,Points:,28,Time:,3.314018249511719e-05
1D,Points:,28,Time:,3.1948089599609375e-05
1D,Points:,28,Time:,3.314018249511719e-05
1D,Points:,28,Time:,3.266334533691406e-05
1D,Points:,28,Time:,3.266334533691406e-05
1D,Points:,28,Time:,3.170967102050781e-05
1D,Points:,28,Time:,3.1948089599609375e-05
1D,Points:,28,Time:,3.170967102050781e-05
1D,Points:,28,Time:,3.170967102050781e-05
1D,Points:,28,Time:,3.170967102050781e-05
1D,Points:,28,Time:,3.1948089599609375e-05
1D,Points:,28,Time:,3.337860107421875e-05
1D,Points:,28,Time:,3.337860107421875e-05
1D,Points:,29,Time:,5.936622619628906e-05
1D,Points:,29,Time:,3.4332275390625e-05
1D,Points:,29,Time:,3.4332275390625e-05
1D,Points:,29,Time:,3.457069396972656e-05
1D,Points:,29,Time:,3.361701965332031e-05
1D,Points:,29,Time:,3.4809112548828125e-05
1D,Points:,29,Time:,3.3855438232421875e-05
1D,Points:,29,Time:,3.600120544433594e-05
1D,Points:,29,Time:,3.528594970703125e-05
1D,Points:,29,Time:,3.409385681152344e-05
1D,Points:,29,Time:,3.62396240234375e-05
1D,Points:,29,Time:,3.337860107421875e-05
1D,Points:,29,Time:,3.457069396972656e-05
1D,Points:,29,Time:,5.91278076171875e-05
1D,Points:,29,Time:,5.1975250244140625e-05
1D,Points:,29,Time:,5.125999450683594e-05
1D,Points:,29,Time:,5.125999450683594e-05
1D,Points:,29,Time:,5.078315734863281e-05
1D,Points:,29,Time:,3.3855438232421875e-05
1D,Points:,29,Time:,3.337860107421875e-05
1D,Points:,30,Time:,5.626678466796875e-05
1D,Points:,30,Time:,3.5762786865234375e-05
1D,Points:,30,Time:,3.528594970703125e-05
1D,Points:,30,Time:,3.457069396972656e-05
1D,Points:,30,Time:,3.4809112548828125e-05
1D,Points:,30,Time:,3.4809112548828125e-05
1D,Points:,30,Time:,3.409385681152344e-05
1D,Points:,30,Time:,3.4809112548828125e-05
1D,Points:,30,Time:,3.3855438232421875e-05
1D,Points:,30,Time:,3.409385681152344e-05
1D,Points:,30,Time:,3.409385681152344e-05
1D,Points:,30,Time:,3.4809112548828125e-05
1D,Points:,30,Time:,3.409385681152344e-05
1D,Points:,30,Time:,3.457069396972656e-05
1D,Points:,30,Time:,3.981590270996094e-05
1D,Points:,30,Time:,3.695487976074219e-05
1D,Points:,30,Time:,3.337860107421875e-05
1D,Points:,30,Time:,3.409385681152344e-05
1D,Points:,30,Time:,3.409385681152344e-05
1D,Points:,30,Time:,3.409385681152344e-05
1D,Points:,31,Time:,5.984306335449219e-05
1D,Points:,31,Time:,3.528594970703125e-05
1D,Points:,31,Time:,3.600120544433594e-05
1D,Points:,31,Time:,3.528594970703125e-05
1D,Points:,31,Time:,3.504753112792969e-05
1D,Points:,31,Time:,3.4332275390625e-05
1D,Points:,31,Time:,3.6716461181640625e-05
1D,Points:,31,Time:,3.457069396972656e-05
1D,Points:,31,Time:,3.5762786865234375e-05
1D,Points:,31,Time:,3.600120544433594e-05
1D,Points:,31,Time:,3.552436828613281e-05
1D,Points:,31,Time:,3.504753112792969e-05
1D,Points:,31,Time:,3.504753112792969e-05
1D,Points:,31,Time:,3.600120544433594e-05
1D,Points:,31,Time:,3.5762786865234375e-05
1D,Points:,31,Time:,3.647804260253906e-05
1D,Points:,31,Time:,3.552436828613281e-05
1D,Points:,31,Time:,3.4332275390625e-05
1D,Points:,31,Time:,3.6716461181640625e-05
1D,Points:,31,Time:,3.552436828613281e-05
1D,Points:,32,Time:,5.936622619628906e-05
1D,Points:,32,Time:,3.8623809814453125e-05
1D,Points:,32,Time:,3.719329833984375e-05
1D,Points:,32,Time:,3.5762786865234375e-05
1D,Points:,32,Time:,3.528594970703125e-05
1D,Points:,32,Time:,3.743171691894531e-05
1D,Points:,32,Time:,3.647804260253906e-05
1D,Points:,32,Time:,3.695487976074219e-05
1D,Points:,32,Time:,3.695487976074219e-05
1D,Points:,32,Time:,3.695487976074219e-05
1D,Points:,32,Time:,3.6716461181640625e-05
1D,Points:,32,Time:,3.600120544433594e-05
1D,Points:,32,Time:,3.695487976074219e-05
1D,Points:,32,Time:,3.695487976074219e-05
1D,Points:,32,Time:,3.719329833984375e-05
1D,Points:,32,Time:,3.743171691894531e-05
1D,Points:,32,Time:,3.7670135498046875e-05
1D,Points:,32,Time:,3.719329833984375e-05
1D,Points:,32,Time:,3.719329833984375e-05
1D,Points:,32,Time:,3.7670135498046875e-05
1D,Points:,33,Time:,6.175041198730469e-05
1D,Points:,33,Time:,3.8623809814453125e-05
1D,Points:,33,Time:,3.933906555175781e-05
1D,Points:,33,Time:,3.6716461181640625e-05
1D,Points:,33,Time:,3.719329833984375e-05
1D,Points:,33,Time:,3.743171691894531e-05
1D,Points:,33,Time:,3.719329833984375e-05
1D,Points:,33,Time:,3.814697265625e-05
1D,Points:,33,Time:,3.62396240234375e-05
1D,Points:,33,Time:,3.743171691894531e-05
1D,Points:,33,Time:,3.62396240234375e-05
1D,Points:,33,Time:,3.790855407714844e-05
1D,Points:,33,Time:,3.6716461181640625e-05
1D,Points:,33,Time:,3.7670135498046875e-05
1D,Points:,33,Time:,3.719329833984375e-05
1D,Points:,33,Time:,3.6716461181640625e-05
1D,Points:,33,Time:,3.719329833984375e-05
1D,Points:,33,Time:,3.7670135498046875e-05
1D,Points:,33,Time:,3.62396240234375e-05
1D,Points:,33,Time:,3.790855407714844e-05
1D,Points:,34,Time:,6.127357482910156e-05
1D,Points:,34,Time:,4.100799560546875e-05
1D,Points:,34,Time:,3.814697265625e-05
1D,Points:,34,Time:,3.981590270996094e-05
1D,Points:,34,Time:,3.838539123535156e-05
1D,Points:,34,Time:,3.981590270996094e-05
1D,Points:,34,Time:,3.981590270996094e-05
1D,Points:,34,Time:,3.838539123535156e-05
1D,Points:,34,Time:,3.7670135498046875e-05
1D,Points:,34,Time:,4.029273986816406e-05
1D,Points:,34,Time:,3.838539123535156e-05
1D,Points:,34,Time:,3.838539123535156e-05
1D,Points:,34,Time:,3.7670135498046875e-05
1D,Points:,34,Time:,3.743171691894531e-05
1D,Points:,34,Time:,3.814697265625e-05
1D,Points:,34,Time:,3.9577484130859375e-05
1D,Points:,34,Time:,4.0531158447265625e-05
1D,Points:,34,Time:,3.8623809814453125e-05
1D,Points:,34,Time:,3.743171691894531e-05
1D,Points:,34,Time:,3.743171691894531e-05
1D,Points:,35,Time:,6.866455078125e-05
1D,Points:,35,Time:,4.482269287109375e-05
1D,Points:,35,Time:,4.3392181396484375e-05
1D,Points:,35,Time:,4.267692565917969e-05
1D,Points:,35,Time:,4.172325134277344e-05
1D,Points:,35,Time:,4.220008850097656e-05
1D,Points:,35,Time:,4.2438507080078125e-05
1D,Points:,35,Time:,4.220008850097656e-05
1D,Points:,35,Time:,4.220008850097656e-05
1D,Points:,35,Time:,4.267692565917969e-05
1D,Points:,35,Time:,4.1961669921875e-05
1D,Points:,35,Time:,4.124641418457031e-05
1D,Points:,35,Time:,4.291534423828125e-05
1D,Points:,35,Time:,4.363059997558594e-05
1D,Points:,35,Time:,0.00012731552124023438
1D,Points:,35,Time:,0.00011277198791503906
1D,Points:,35,Time:,7.796287536621094e-05
1D,Points:,35,Time:,4.267692565917969e-05
1D,Points:,35,Time:,4.1484832763671875e-05
1D,Points:,35,Time:,4.220008850097656e-05
1D,Points:,36,Time:,6.4849853515625e-05
1D,Points:,36,Time:,4.100799560546875e-05
1D,Points:,36,Time:,4.100799560546875e-05
1D,Points:,36,Time:,4.172325134277344e-05
1D,Points:,36,Time:,4.029273986816406e-05
1D,Points:,36,Time:,4.100799560546875e-05
1D,Points:,36,Time:,4.0531158447265625e-05
1D,Points:,36,Time:,4.00543212890625e-05
1D,Points:,36,Time:,4.124641418457031e-05
1D,Points:,36,Time:,4.124641418457031e-05
1D,Points:,36,Time:,4.076957702636719e-05
1D,Points:,36,Time:,4.124641418457031e-05
1D,Points:,36,Time:,4.076957702636719e-05
1D,Points:,36,Time:,4.076957702636719e-05
1D,Points:,36,Time:,4.0531158447265625e-05
1D,Points:,36,Time:,4.00543212890625e-05
1D,Points:,36,Time:,4.029273986816406e-05
1D,Points:,36,Time:,4.220008850097656e-05
1D,Points:,36,Time:,4.124641418457031e-05
1D,Points:,36,Time:,3.9577484130859375e-05
1D,Points:,37,Time:,6.985664367675781e-05
1D,Points:,37,Time:,4.4345855712890625e-05
1D,Points:,37,Time:,4.291534423828125e-05
1D,Points:,37,Time:,4.1961669921875e-05
1D,Points:,37,Time:,4.2438507080078125e-05
1D,Points:,37,Time:,4.076957702636719e-05
1D,Points:,37,Time:,4.1484832763671875e-05
1D,Points:,37,Time:,4.076957702636719e-05
1D,Points:,37,Time:,4.1484832763671875e-05
1D,Points:,37,Time:,4.172325134277344e-05
1D,Points:,37,Time:,4.1961669921875e-05
1D,Points:,37,Time:,4.220008850097656e-05
1D,Points:,37,Time:,4.076957702636719e-05
1D,Points:,37,Time:,4.220008850097656e-05
1D,Points:,37,Time:,4.0531158447265625e-05
1D,Points:,37,Time:,4.2438507080078125e-05
1D,Points:,37,Time:,4.0531158447265625e-05
1D,Points:,37,Time:,4.172325134277344e-05
1D,Points:,37,Time:,4.100799560546875e-05
1D,Points:,37,Time:,4.220008850097656e-05
1D,Points:,38,Time:,6.556510925292969e-05
1D,Points:,38,Time:,4.363059997558594e-05
1D,Points:,38,Time:,4.315376281738281e-05
1D,Points:,38,Time:,4.267692565917969e-05
1D,Points:,38,Time:,4.267692565917969e-05
1D,Points:,38,Time:,4.291534423828125e-05
1D,Points:,38,Time:,4.410743713378906e-05
1D,Points:,38,Time:,4.291534423828125e-05
1D,Points:,38,Time:,4.267692565917969e-05
1D,Points:,38,Time:,4.410743713378906e-05
1D,Points:,38,Time:,4.267692565917969e-05
1D,Points:,38,Time:,4.291534423828125e-05
1D,Points:,38,Time:,4.673004150390625e-05
1D,Points:,38,Time:,4.267692565917969e-05
1D,Points:,38,Time:,4.482269287109375e-05
1D,Points:,38,Time:,4.38690185546875e-05
1D,Points:,38,Time:,4.267692565917969e-05
1D,Points:,38,Time:,4.410743713378906e-05
1D,Points:,38,Time:,4.267692565917969e-05
1D,Points:,38,Time:,4.38690185546875e-05
1D,Points:,39,Time:,6.723403930664062e-05
1D,Points:,39,Time:,4.506111145019531e-05
1D,Points:,39,Time:,4.410743713378906e-05
1D,Points:,39,Time:,4.363059997558594e-05
1D,Points:,39,Time:,4.410743713378906e-05
1D,Points:,39,Time:,4.363059997558594e-05
1D,Points:,39,Time:,4.38690185546875e-05
1D,Points:,39,Time:,4.3392181396484375e-05
1D,Points:,39,Time:,4.4345855712890625e-05
1D,Points:,39,Time:,4.3392181396484375e-05
1D,Points:,39,Time:,4.458427429199219e-05
1D,Points:,39,Time:,4.5299530029296875e-05
1D,Points:,39,Time:,4.410743713378906e-05
1D,Points:,39,Time:,4.315376281738281e-05
1D,Points:,39,Time:,4.76837158203125e-05
1D,Points:,39,Time:,4.744529724121094e-05
1D,Points:,39,Time:,4.673004150390625e-05
1D,Points:,39,Time:,4.553794860839844e-05
1D,Points:,39,Time:,4.410743713378906e-05
1D,Points:,39,Time:,4.267692565917969e-05
1D,Points:,40,Time:,6.866455078125e-05
1D,Points:,40,Time:,4.57763671875e-05
1D,Points:,40,Time:,4.5299530029296875e-05
1D,Points:,40,Time:,4.506111145019531e-05
1D,Points:,40,Time:,4.57763671875e-05
1D,Points:,40,Time:,4.553794860839844e-05
1D,Points:,40,Time:,4.410743713378906e-05
1D,Points:,40,Time:,4.553794860839844e-05
1D,Points:,40,Time:,4.649162292480469e-05
1D,Points:,40,Time:,4.506111145019531e-05
1D,Points:,40,Time:,4.482269287109375e-05
1D,Points:,40,Time:,4.649162292480469e-05
1D,Points:,40,Time:,4.506111145019531e-05
1D,Points:,40,Time:,4.601478576660156e-05
1D,Points:,40,Time:,4.506111145019531e-05
1D,Points:,40,Time:,4.506111145019531e-05
1D,Points:,40,Time:,4.4345855712890625e-05
1D,Points:,40,Time:,4.553794860839844e-05
1D,Points:,40,Time:,4.649162292480469e-05
1D,Points:,40,Time:,4.76837158203125e-05
1D,Points:,41,Time:,6.985664367675781e-05
1D,Points:,41,Time:,4.935264587402344e-05
1D,Points:,41,Time:,4.7206878662109375e-05
1D,Points:,41,Time:,4.696846008300781e-05
1D,Points:,41,Time:,4.7206878662109375e-05
1D,Points:,41,Time:,4.57763671875e-05
1D,Points:,41,Time:,4.863739013671875e-05
1D,Points:,41,Time:,4.57763671875e-05
1D,Points:,41,Time:,4.673004150390625e-05
1D,Points:,41,Time:,4.839897155761719e-05
1D,Points:,41,Time:,4.863739013671875e-05
1D,Points:,41,Time:,4.76837158203125e-05
1D,Points:,41,Time:,4.601478576660156e-05
1D,Points:,41,Time:,4.8160552978515625e-05
1D,Points:,41,Time:,4.792213439941406e-05
1D,Points:,41,Time:,4.839897155761719e-05
1D,Points:,41,Time:,4.744529724121094e-05
1D,Points:,41,Time:,4.76837158203125e-05
1D,Points:,41,Time:,4.696846008300781e-05
1D,Points:,41,Time:,4.7206878662109375e-05
1D,Points:,42,Time:,6.890296936035156e-05
1D,Points:,42,Time:,4.744529724121094e-05
1D,Points:,42,Time:,4.744529724121094e-05
1D,Points:,42,Time:,4.839897155761719e-05
1D,Points:,42,Time:,4.8160552978515625e-05
1D,Points:,42,Time:,4.696846008300781e-05
1D,Points:,42,Time:,4.839897155761719e-05
1D,Points:,42,Time:,4.696846008300781e-05
1D,Points:,42,Time:,4.887580871582031e-05
1D,Points:,42,Time:,4.7206878662109375e-05
1D,Points:,42,Time:,4.7206878662109375e-05
1D,Points:,42,Time:,4.601478576660156e-05
1D,Points:,42,Time:,4.696846008300781e-05
1D,Points:,42,Time:,4.601478576660156e-05
1D,Points:,42,Time:,4.601478576660156e-05
1D,Points:,42,Time:,4.601478576660156e-05
1D,Points:,42,Time:,4.76837158203125e-05
1D,Points:,42,Time:,4.649162292480469e-05
1D,Points:,42,Time:,4.649162292480469e-05
1D,Points:,42,Time:,4.744529724121094e-05
1D,Points:,43,Time:,7.128715515136719e-05
1D,Points:,43,Time:,4.982948303222656e-05
1D,Points:,43,Time:,5.054473876953125e-05
1D,Points:,43,Time:,4.887580871582031e-05
1D,Points:,43,Time:,4.792213439941406e-05
1D,Points:,43,Time:,4.7206878662109375e-05
1D,Points:,43,Time:,4.982948303222656e-05
1D,Points:,43,Time:,4.696846008300781e-05
1D,Points:,43,Time:,4.7206878662109375e-05
1D,Points:,43,Time:,4.696846008300781e-05
1D,Points:,43,Time:,4.935264587402344e-05
1D,Points:,43,Time:,4.7206878662109375e-05
1D,Points:,43,Time:,4.792213439941406e-05
1D,Points:,43,Time:,4.7206878662109375e-05
1D,Points:,43,Time:,4.792213439941406e-05
1D,Points:,43,Time:,4.7206878662109375e-05
1D,Points:,43,Time:,4.7206878662109375e-05
1D,Points:,43,Time:,4.696846008300781e-05
1D,Points:,43,Time:,4.76837158203125e-05
1D,Points:,43,Time:,4.8160552978515625e-05
1D,Points:,44,Time:,7.081031799316406e-05
1D,Points:,44,Time:,4.982948303222656e-05
1D,Points:,44,Time:,4.792213439941406e-05
1D,Points:,44,Time:,4.839897155761719e-05
1D,Points:,44,Time:,4.9114227294921875e-05
1D,Points:,44,Time:,4.887580871582031e-05
1D,Points:,44,Time:,4.9591064453125e-05
1D,Points:,44,Time:,5.0067901611328125e-05
1D,Points:,44,Time:,4.9114227294921875e-05
1D,Points:,44,Time:,5.125999450683594e-05
1D,Points:,44,Time:,4.839897155761719e-05
1D,Points:,44,Time:,4.863739013671875e-05
1D,Points:,44,Time:,4.982948303222656e-05
1D,Points:,44,Time:,4.9114227294921875e-05
1D,Points:,44,Time:,4.839897155761719e-05
1D,Points:,44,Time:,4.9591064453125e-05
1D,Points:,44,Time:,4.8160552978515625e-05
1D,Points:,44,Time:,4.8160552978515625e-05
1D,Points:,44,Time:,4.792213439941406e-05
1D,Points:,44,Time:,4.792213439941406e-05
1D,Points:,45,Time:,7.271766662597656e-05
1D,Points:,45,Time:,5.245208740234375e-05
1D,Points:,45,Time:,5.078315734863281e-05
1D,Points:,45,Time:,5.14984130859375e-05
1D,Points:,45,Time:,4.9591064453125e-05
1D,Points:,45,Time:,5.0067901611328125e-05
1D,Points:,45,Time:,4.9114227294921875e-05
1D,Points:,45,Time:,5.269050598144531e-05
1D,Points:,45,Time:,5.0067901611328125e-05
1D,Points:,45,Time:,5.054473876953125e-05
1D,Points:,45,Time:,4.9114227294921875e-05
1D,Points:,45,Time:,4.982948303222656e-05
1D,Points:,45,Time:,5.14984130859375e-05
1D,Points:,45,Time:,4.935264587402344e-05
1D,Points:,45,Time:,5.030632019042969e-05
1D,Points:,45,Time:,4.9114227294921875e-05
1D,Points:,45,Time:,5.0067901611328125e-05
1D,Points:,45,Time:,4.982948303222656e-05
1D,Points:,45,Time:,5.078315734863281e-05
1D,Points:,45,Time:,4.9591064453125e-05
1D,Points:,46,Time:,7.343292236328125e-05
1D,Points:,46,Time:,5.3882598876953125e-05
1D,Points:,46,Time:,5.14984130859375e-05
1D,Points:,46,Time:,5.078315734863281e-05
1D,Points:,46,Time:,5.125999450683594e-05
1D,Points:,46,Time:,5.1975250244140625e-05
1D,Points:,46,Time:,5.1021575927734375e-05
1D,Points:,46,Time:,5.1021575927734375e-05
1D,Points:,46,Time:,5.1021575927734375e-05
1D,Points:,46,Time:,5.340576171875e-05
1D,Points:,46,Time:,5.054473876953125e-05
1D,Points:,46,Time:,5.1021575927734375e-05
1D,Points:,46,Time:,5.0067901611328125e-05
1D,Points:,46,Time:,5.054473876953125e-05
1D,Points:,46,Time:,5.054473876953125e-05
1D,Points:,46,Time:,5.1021575927734375e-05
1D,Points:,46,Time:,5.125999450683594e-05
1D,Points:,46,Time:,5.3882598876953125e-05
1D,Points:,46,Time:,5.078315734863281e-05
1D,Points:,46,Time:,5.1975250244140625e-05
1D,Points:,47,Time:,7.462501525878906e-05
1D,Points:,47,Time:,5.364418029785156e-05
1D,Points:,47,Time:,5.269050598144531e-05
1D,Points:,47,Time:,5.316734313964844e-05
1D,Points:,47,Time:,5.316734313964844e-05
1D,Points:,47,Time:,5.3882598876953125e-05
1D,Points:,47,Time:,5.555152893066406e-05
1D,Points:,47,Time:,5.53131103515625e-05
1D,Points:,47,Time:,5.650520324707031e-05
1D,Points:,47,Time:,5.435943603515625e-05
1D,Points:,47,Time:,5.364418029785156e-05
1D,Points:,47,Time:,5.435943603515625e-05
1D,Points:,47,Time:,5.269050598144531e-05
1D,Points:,47,Time:,5.221366882324219e-05
1D,Points:,47,Time:,5.1975250244140625e-05
1D,Points:,47,Time:,5.221366882324219e-05
1D,Points:,47,Time:,5.14984130859375e-05
1D,Points:,47,Time:,5.14984130859375e-05
1D,Points:,47,Time:,5.14984130859375e-05
1D,Points:,47,Time:,5.125999450683594e-05
1D,Points:,48,Time:,7.510185241699219e-05
1D,Points:,48,Time:,5.4836273193359375e-05
1D,Points:,48,Time:,5.269050598144531e-05
1D,Points:,48,Time:,5.340576171875e-05
1D,Points:,48,Time:,5.2928924560546875e-05
1D,Points:,48,Time:,0.00011849403381347656
1D,Points:,48,Time:,0.00010156631469726562
1D,Points:,48,Time:,5.340576171875e-05
1D,Points:,48,Time:,5.2928924560546875e-05
1D,Points:,48,Time:,5.2928924560546875e-05
1D,Points:,48,Time:,5.4836273193359375e-05
1D,Points:,48,Time:,5.53131103515625e-05
1D,Points:,48,Time:,5.3882598876953125e-05
1D,Points:,48,Time:,5.364418029785156e-05
1D,Points:,48,Time:,5.364418029785156e-05
1D,Points:,48,Time:,0.00011301040649414062
1D,Points:,48,Time:,6.222724914550781e-05
1D,Points:,48,Time:,5.412101745605469e-05
1D,Points:,48,Time:,5.53131103515625e-05
1D,Points:,48,Time:,5.6743621826171875e-05
1D,Points:,49,Time:,7.62939453125e-05
1D,Points:,49,Time:,5.459785461425781e-05
1D,Points:,49,Time:,5.602836608886719e-05
1D,Points:,49,Time:,5.459785461425781e-05
1D,Points:,49,Time:,5.435943603515625e-05
1D,Points:,49,Time:,5.364418029785156e-05
1D,Points:,49,Time:,5.53131103515625e-05
1D,Points:,49,Time:,5.459785461425781e-05
1D,Points:,49,Time:,5.507469177246094e-05
1D,Points:,49,Time:,5.3882598876953125e-05
1D,Points:,49,Time:,5.364418029785156e-05
1D,Points:,49,Time:,5.4836273193359375e-05
1D,Points:,49,Time:,5.507469177246094e-05
1D,Points:,49,Time:,5.364418029785156e-05
1D,Points:,49,Time:,5.507469177246094e-05
1D,Points:,49,Time:,5.364418029785156e-05
1D,Points:,49,Time:,5.3882598876953125e-05
1D,Points:,49,Time:,5.412101745605469e-05
1D,Points:,49,Time:,5.364418029785156e-05
1D,Points:,49,Time:,5.507469177246094e-05
1D,Points:,50,Time:,7.843971252441406e-05
1D,Points:,50,Time:,5.793571472167969e-05
1D,Points:,50,Time:,5.53131103515625e-05
1D,Points:,50,Time:,5.53131103515625e-05
1D,Points:,50,Time:,5.4836273193359375e-05
1D,Points:,50,Time:,5.602836608886719e-05
1D,Points:,50,Time:,5.435943603515625e-05
1D,Points:,50,Time:,5.602836608886719e-05
1D,Points:,50,Time:,5.626678466796875e-05
1D,Points:,50,Time:,5.602836608886719e-05
1D,Points:,50,Time:,5.7220458984375e-05
1D,Points:,50,Time:,5.602836608886719e-05
1D,Points:,50,Time:,5.459785461425781e-05
1D,Points:,50,Time:,5.698204040527344e-05
1D,Points:,50,Time:,5.698204040527344e-05
1D,Points:,50,Time:,5.7220458984375e-05
1D,Points:,50,Time:,5.602836608886719e-05
1D,Points:,50,Time:,5.626678466796875e-05
1D,Points:,50,Time:,0.00013637542724609375
1D,Points:,50,Time:,9.202957153320312e-05
1D,Points:,51,Time:,8.440017700195312e-05
1D,Points:,51,Time:,5.888938903808594e-05
1D,Points:,51,Time:,5.626678466796875e-05
1D,Points:,51,Time:,5.984306335449219e-05
1D,Points:,51,Time:,5.650520324707031e-05
1D,Points:,51,Time:,5.698204040527344e-05
1D,Points:,51,Time:,5.6743621826171875e-05
1D,Points:,51,Time:,5.9604644775390625e-05
1D,Points:,51,Time:,5.7697296142578125e-05
1D,Points:,51,Time:,5.888938903808594e-05
1D,Points:,51,Time:,5.841255187988281e-05
1D,Points:,51,Time:,5.841255187988281e-05
1D,Points:,51,Time:,5.7697296142578125e-05
1D,Points:,51,Time:,5.745887756347656e-05
1D,Points:,51,Time:,5.745887756347656e-05
1D,Points:,51,Time:,6.079673767089844e-05
1D,Points:,51,Time:,5.626678466796875e-05
1D,Points:,51,Time:,5.602836608886719e-05
1D,Points:,51,Time:,5.7220458984375e-05
1D,Points:,51,Time:,5.602836608886719e-05
1D,Points:,52,Time:,8.058547973632812e-05
1D,Points:,52,Time:,5.936622619628906e-05
1D,Points:,52,Time:,5.793571472167969e-05
1D,Points:,52,Time:,5.650520324707031e-05
1D,Points:,52,Time:,5.8650970458984375e-05
1D,Points:,52,Time:,5.7697296142578125e-05
1D,Points:,52,Time:,5.698204040527344e-05
1D,Points:,52,Time:,5.6743621826171875e-05
1D,Points:,52,Time:,5.817413330078125e-05
1D,Points:,52,Time:,5.745887756347656e-05
1D,Points:,52,Time:,5.698204040527344e-05
1D,Points:,52,Time:,5.6743621826171875e-05
1D,Points:,52,Time:,5.7697296142578125e-05
1D,Points:,52,Time:,5.745887756347656e-05
1D,Points:,52,Time:,5.6743621826171875e-05
1D,Points:,52,Time:,5.698204040527344e-05
1D,Points:,52,Time:,5.650520324707031e-05
1D,Points:,52,Time:,5.7697296142578125e-05
1D,Points:,52,Time:,5.745887756347656e-05
1D,Points:,52,Time:,5.7697296142578125e-05
1D,Points:,53,Time:,8.273124694824219e-05
1D,Points:,53,Time:,5.888938903808594e-05
1D,Points:,53,Time:,6.079673767089844e-05
1D,Points:,53,Time:,5.888938903808594e-05
1D,Points:,53,Time:,5.936622619628906e-05
1D,Points:,53,Time:,5.888938903808594e-05
1D,Points:,53,Time:,5.817413330078125e-05
1D,Points:,53,Time:,5.8650970458984375e-05
1D,Points:,53,Time:,5.817413330078125e-05
1D,Points:,53,Time:,5.817413330078125e-05
1D,Points:,53,Time:,5.7697296142578125e-05
1D,Points:,53,Time:,0.00011610984802246094
1D,Points:,53,Time:,0.00011229515075683594
1D,Points:,53,Time:,6.0558319091796875e-05
1D,Points:,53,Time:,5.888938903808594e-05
1D,Points:,53,Time:,5.888938903808594e-05
1D,Points:,53,Time:,5.8650970458984375e-05
1D,Points:,53,Time:,5.888938903808594e-05
1D,Points:,53,Time:,5.91278076171875e-05
1D,Points:,53,Time:,5.9604644775390625e-05
1D,Points:,54,Time:,8.296966552734375e-05
1D,Points:,54,Time:,6.031990051269531e-05
1D,Points:,54,Time:,6.151199340820312e-05
1D,Points:,54,Time:,5.888938903808594e-05
1D,Points:,54,Time:,5.817413330078125e-05
1D,Points:,54,Time:,5.8650970458984375e-05
1D,Points:,54,Time:,5.888938903808594e-05
1D,Points:,54,Time:,6.127357482910156e-05
1D,Points:,54,Time:,5.8650970458984375e-05
1D,Points:,54,Time:,6.127357482910156e-05
1D,Points:,54,Time:,5.984306335449219e-05
1D,Points:,54,Time:,6.031990051269531e-05
1D,Points:,54,Time:,5.984306335449219e-05
1D,Points:,54,Time:,5.8650970458984375e-05
1D,Points:,54,Time:,5.888938903808594e-05
1D,Points:,54,Time:,5.888938903808594e-05
1D,Points:,54,Time:,5.936622619628906e-05
1D,Points:,54,Time:,6.127357482910156e-05
1D,Points:,54,Time:,6.461143493652344e-05
1D,Points:,54,Time:,6.031990051269531e-05
1D,Points:,55,Time:,8.130073547363281e-05
1D,Points:,55,Time:,6.198883056640625e-05
1D,Points:,55,Time:,6.198883056640625e-05
1D,Points:,55,Time:,6.29425048828125e-05
1D,Points:,55,Time:,6.127357482910156e-05
1D,Points:,55,Time:,6.270408630371094e-05
1D,Points:,55,Time:,6.031990051269531e-05
1D,Points:,55,Time:,6.103515625e-05
1D,Points:,55,Time:,6.222724914550781e-05
1D,Points:,55,Time:,6.29425048828125e-05
1D,Points:,55,Time:,6.0558319091796875e-05
1D,Points:,55,Time:,6.151199340820312e-05
1D,Points:,55,Time:,5.9604644775390625e-05
1D,Points:,55,Time:,6.365776062011719e-05
1D,Points:,55,Time:,6.318092346191406e-05
1D,Points:,55,Time:,5.984306335449219e-05
1D,Points:,55,Time:,6.198883056640625e-05
1D,Points:,55,Time:,6.008148193359375e-05
1D,Points:,55,Time:,6.175041198730469e-05
1D,Points:,55,Time:,0.0001857280731201172
1D,Points:,56,Time:,8.511543273925781e-05
1D,Points:,56,Time:,6.318092346191406e-05
1D,Points:,56,Time:,6.413459777832031e-05
1D,Points:,56,Time:,6.246566772460938e-05
1D,Points:,56,Time:,6.222724914550781e-05
1D,Points:,56,Time:,6.508827209472656e-05
1D,Points:,56,Time:,6.318092346191406e-05
1D,Points:,56,Time:,6.175041198730469e-05
1D,Points:,56,Time:,6.198883056640625e-05
1D,Points:,56,Time:,6.0558319091796875e-05
1D,Points:,56,Time:,6.29425048828125e-05
1D,Points:,56,Time:,6.079673767089844e-05
1D,Points:,56,Time:,6.198883056640625e-05
1D,Points:,56,Time:,6.079673767089844e-05
1D,Points:,56,Time:,6.246566772460938e-05
1D,Points:,56,Time:,6.127357482910156e-05
1D,Points:,56,Time:,6.246566772460938e-05
1D,Points:,56,Time:,6.222724914550781e-05
1D,Points:,56,Time:,6.270408630371094e-05
1D,Points:,56,Time:,6.508827209472656e-05
1D,Points:,57,Time:,8.7738037109375e-05
1D,Points:,57,Time:,6.341934204101562e-05
1D,Points:,57,Time:,6.29425048828125e-05
1D,Points:,57,Time:,6.198883056640625e-05
1D,Points:,57,Time:,6.437301635742188e-05
1D,Points:,57,Time:,6.4849853515625e-05
1D,Points:,57,Time:,6.461143493652344e-05
1D,Points:,57,Time:,6.461143493652344e-05
1D,Points:,57,Time:,6.914138793945312e-05
1D,Points:,57,Time:,6.389617919921875e-05
1D,Points:,57,Time:,6.365776062011719e-05
1D,Points:,57,Time:,6.341934204101562e-05
1D,Points:,57,Time:,6.29425048828125e-05
1D,Points:,57,Time:,6.29425048828125e-05
1D,Points:,57,Time:,6.222724914550781e-05
1D,Points:,57,Time:,6.4849853515625e-05
1D,Points:,57,Time:,6.341934204101562e-05
1D,Points:,57,Time:,6.318092346191406e-05
1D,Points:,57,Time:,6.175041198730469e-05
1D,Points:,57,Time:,6.222724914550781e-05
1D,Points:,58,Time:,9.369850158691406e-05
1D,Points:,58,Time:,7.009506225585938e-05
1D,Points:,58,Time:,6.866455078125e-05
1D,Points:,58,Time:,6.794929504394531e-05
1D,Points:,58,Time:,6.532669067382812e-05
1D,Points:,58,Time:,6.508827209472656e-05
1D,Points:,58,Time:,6.389617919921875e-05
1D,Points:,58,Time:,6.318092346191406e-05
1D,Points:,58,Time:,6.532669067382812e-05
1D,Points:,58,Time:,6.318092346191406e-05
1D,Points:,58,Time:,6.4849853515625e-05
1D,Points:,58,Time:,6.365776062011719e-05
1D,Points:,58,Time:,6.4849853515625e-05
1D,Points:,58,Time:,6.4849853515625e-05
1D,Points:,58,Time:,6.413459777832031e-05
1D,Points:,58,Time:,6.771087646484375e-05
1D,Points:,58,Time:,6.866455078125e-05
1D,Points:,58,Time:,6.437301635742188e-05
1D,Points:,58,Time:,6.866455078125e-05
1D,Points:,58,Time:,6.461143493652344e-05
1D,Points:,59,Time:,9.131431579589844e-05
1D,Points:,59,Time:,6.818771362304688e-05
1D,Points:,59,Time:,6.628036499023438e-05
1D,Points:,59,Time:,6.532669067382812e-05
1D,Points:,59,Time:,6.389617919921875e-05
1D,Points:,59,Time:,6.389617919921875e-05
1D,Points:,59,Time:,6.461143493652344e-05
1D,Points:,59,Time:,6.508827209472656e-05
1D,Points:,59,Time:,6.389617919921875e-05
1D,Points:,59,Time:,6.4849853515625e-05
1D,Points:,59,Time:,6.866455078125e-05
1D,Points:,59,Time:,6.937980651855469e-05
1D,Points:,59,Time:,6.723403930664062e-05
1D,Points:,59,Time:,6.413459777832031e-05
1D,Points:,59,Time:,6.4849853515625e-05
1D,Points:,59,Time:,6.413459777832031e-05
1D,Points:,59,Time:,6.461143493652344e-05
1D,Points:,59,Time:,6.413459777832031e-05
1D,Points:,59,Time:,6.461143493652344e-05
1D,Points:,59,Time:,6.437301635742188e-05
2D,Points:,10,Time:,0.0009984970092773438
2D,Points:,10,Time:,0.0008461475372314453
2D,Points:,10,Time:,0.0009102821350097656
2D,Points:,10,Time:,0.0008196830749511719
2D,Points:,10,Time:,0.0012772083282470703
2D,Points:,10,Time:,0.0008060932159423828
2D,Points:,10,Time:,0.0007560253143310547
2D,Points:,10,Time:,0.0007684230804443359
2D,Points:,10,Time:,0.0007624626159667969
2D,Points:,10,Time:,0.0007965564727783203
2D,Points:,10,Time:,0.0007984638214111328
2D,Points:,10,Time:,0.0007615089416503906
2D,Points:,10,Time:,0.0010540485382080078
2D,Points:,10,Time:,0.0007567405700683594
2D,Points:,10,Time:,0.0007565021514892578
2D,Points:,10,Time:,0.0007550716400146484
2D,Points:,10,Time:,0.0007486343383789062
2D,Points:,10,Time:,0.0010161399841308594
2D,Points:,10,Time:,0.0007641315460205078
2D,Points:,10,Time:,0.0019011497497558594
2D,Points:,11,Time:,0.0011668205261230469
2D,Points:,11,Time:,0.0009715557098388672
2D,Points:,11,Time:,0.0013382434844970703
2D,Points:,11,Time:,0.000965118408203125
2D,Points:,11,Time:,0.0009596347808837891
2D,Points:,11,Time:,0.0009667873382568359
2D,Points:,11,Time:,0.0009796619415283203
2D,Points:,11,Time:,0.0010046958923339844
2D,Points:,11,Time:,0.0009627342224121094
2D,Points:,11,Time:,0.0009584426879882812
2D,Points:,11,Time:,0.0009505748748779297
2D,Points:,11,Time:,0.0009448528289794922
2D,Points:,11,Time:,0.0009481906890869141
2D,Points:,11,Time:,0.0015752315521240234
2D,Points:,11,Time:,0.0011320114135742188
2D,Points:,11,Time:,0.0010700225830078125
2D,Points:,11,Time:,0.0009348392486572266
2D,Points:,11,Time:,0.0008969306945800781
2D,Points:,11,Time:,0.0008993148803710938
2D,Points:,11,Time:,0.0008008480072021484
2D,Points:,12,Time:,0.0011639595031738281
2D,Points:,12,Time:,0.0012900829315185547
2D,Points:,12,Time:,0.0011973381042480469
2D,Points:,12,Time:,0.0011761188507080078
2D,Points:,12,Time:,0.001207590103149414
2D,Points:,12,Time:,0.0011992454528808594
2D,Points:,12,Time:,0.002299070358276367
2D,Points:,12,Time:,0.001407623291015625
2D,Points:,12,Time:,0.00119781494140625
2D,Points:,12,Time:,0.001313924789428711
2D,Points:,12,Time:,0.0011873245239257812
2D,Points:,12,Time:,0.0011434555053710938
2D,Points:,12,Time:,0.0011966228485107422
2D,Points:,12,Time:,0.0011906623840332031
2D,Points:,12,Time:,0.0012722015380859375
2D,Points:,12,Time:,0.001191854476928711
2D,Points:,12,Time:,0.0011296272277832031
2D,Points:,12,Time:,0.0011930465698242188
2D,Points:,12,Time:,0.0021452903747558594
2D,Points:,12,Time:,0.0012927055358886719
2D,Points:,13,Time:,0.0016858577728271484
2D,Points:,13,Time:,0.0012218952178955078
2D,Points:,13,Time:,0.000759124755859375
2D,Points:,13,Time:,0.0006961822509765625
2D,Points:,13,Time:,0.0006883144378662109
2D,Points:,13,Time:,0.0008182525634765625
2D,Points:,13,Time:,0.0007941722869873047
2D,Points:,13,Time:,0.0007579326629638672
2D,Points:,13,Time:,0.0007078647613525391
2D,Points:,13,Time:,0.0007159709930419922
2D,Points:,13,Time:,0.0006687641143798828
2D,Points:,13,Time:,0.0006849765777587891
2D,Points:,13,Time:,0.0007326602935791016
2D,Points:,13,Time:,0.0006818771362304688
2D,Points:,13,Time:,0.0008478164672851562
2D,Points:,13,Time:,0.0006804466247558594
2D,Points:,13,Time:,0.0011239051818847656
2D,Points:,13,Time:,0.0008442401885986328
2D,Points:,13,Time:,0.0007045269012451172
2D,Points:,13,Time:,0.0007898807525634766
2D,Points:,14,Time:,0.0009875297546386719
2D,Points:,14,Time:,0.0008056163787841797
2D,Points:,14,Time:,0.0008978843688964844
2D,Points:,14,Time:,0.0008594989776611328
2D,Points:,14,Time:,0.0008566379547119141
2D,Points:,14,Time:,0.0008111000061035156
2D,Points:,14,Time:,0.0008504390716552734
2D,Points:,14,Time:,0.00083160400390625
2D,Points:,14,Time:,0.0010294914245605469
2D,Points:,14,Time:,0.0008499622344970703
2D,Points:,14,Time:,0.00081634521484375
2D,Points:,14,Time:,0.0008413791656494141
2D,Points:,14,Time:,0.0008752346038818359
2D,Points:,14,Time:,0.0008761882781982422
2D,Points:,14,Time:,0.0011093616485595703
2D,Points:,14,Time:,0.0011487007141113281
2D,Points:,14,Time:,0.0007970333099365234
2D,Points:,14,Time:,0.0008606910705566406
2D,Points:,14,Time:,0.0008637905120849609
2D,Points:,14,Time:,0.0008838176727294922
2D,Points:,15,Time:,0.0011677742004394531
2D,Points:,15,Time:,0.0010085105895996094
2D,Points:,15,Time:,0.0009877681732177734
2D,Points:,15,Time:,0.0010848045349121094
2D,Points:,15,Time:,0.0009832382202148438
2D,Points:,15,Time:,0.0009648799896240234
2D,Points:,15,Time:,0.0015134811401367188
2D,Points:,15,Time:,0.0016775131225585938
2D,Points:,15,Time:,0.0010380744934082031
2D,Points:,15,Time:,0.001325368881225586
2D,Points:,15,Time:,0.0013384819030761719
2D,Points:,15,Time:,0.0010743141174316406
2D,Points:,15,Time:,0.001009225845336914
2D,Points:,15,Time:,0.001016378402709961
2D,Points:,15,Time:,0.000995635986328125
2D,Points:,15,Time:,0.001010894775390625
2D,Points:,15,Time:,0.0010564327239990234
2D,Points:,15,Time:,0.0009551048278808594
2D,Points:,15,Time:,0.0009706020355224609
2D,Points:,15,Time:,0.000988006591796875
2D,Points:,16,Time:,0.0013685226440429688
2D,Points:,16,Time:,0.001150369644165039
2D,Points:,16,Time:,0.0011663436889648438
2D,Points:,16,Time:,0.0011739730834960938
2D,Points:,16,Time:,0.008040428161621094
2D,Points:,16,Time:,0.001207113265991211
2D,Points:,16,Time:,0.0012421607971191406
2D,Points:,16,Time:,0.001226663589477539
2D,Points:,16,Time:,0.001245260238647461
2D,Points:,16,Time:,0.001222848892211914
2D,Points:,16,Time:,0.0011751651763916016
2D,Points:,16,Time:,0.0012140274047851562
2D,Points:,16,Time:,0.0015597343444824219
2D,Points:,16,Time:,0.0012598037719726562
2D,Points:,16,Time:,0.0012280941009521484
2D,Points:,16,Time:,0.0013077259063720703
2D,Points:,16,Time:,0.0015947818756103516
2D,Points:,16,Time:,0.0013015270233154297
2D,Points:,16,Time:,0.0012543201446533203
2D,Points:,16,Time:,0.001283407211303711
2D,Points:,17,Time:,0.0015339851379394531
2D,Points:,17,Time:,0.0014567375183105469
2D,Points:,17,Time:,0.0014545917510986328
2D,Points:,17,Time:,0.0016298294067382812
2D,Points:,17,Time:,0.001649618148803711
2D,Points:,17,Time:,0.0014107227325439453
2D,Points:,17,Time:,0.001428842544555664
2D,Points:,17,Time:,0.0014891624450683594
2D,Points:,17,Time:,0.0014014244079589844
2D,Points:,17,Time:,0.0014541149139404297
2D,Points:,17,Time:,0.0013873577117919922
2D,Points:,17,Time:,0.0014066696166992188
2D,Points:,17,Time:,0.001424551010131836
2D,Points:,17,Time:,0.0014007091522216797
2D,Points:,17,Time:,0.0013582706451416016
2D,Points:,17,Time:,0.00164794921875
2D,Points:,17,Time:,0.001462697982788086
2D,Points:,17,Time:,0.001447439193725586
2D,Points:,17,Time:,0.0014309883117675781
2D,Points:,17,Time:,0.0013873577117919922
2D,Points:,18,Time:,0.0016527175903320312
2D,Points:,18,Time:,0.0018019676208496094
2D,Points:,18,Time:,0.0016303062438964844
2D,Points:,18,Time:,0.0016376972198486328
2D,Points:,18,Time:,0.00159454345703125
2D,Points:,18,Time:,0.0018134117126464844
2D,Points:,18,Time:,0.0017158985137939453
2D,Points:,18,Time:,0.0016541481018066406
2D,Points:,18,Time:,0.0017595291137695312
2D,Points:,18,Time:,0.0016357898712158203
2D,Points:,18,Time:,0.0016207695007324219
2D,Points:,18,Time:,0.0016222000122070312
2D,Points:,18,Time:,0.0016674995422363281
2D,Points:,18,Time:,0.0015826225280761719
2D,Points:,18,Time:,0.0016002655029296875
2D,Points:,18,Time:,0.0018177032470703125
2D,Points:,18,Time:,0.001707315444946289
2D,Points:,18,Time:,0.0016226768493652344
2D,Points:,18,Time:,0.0016567707061767578
2D,Points:,18,Time:,0.0017008781433105469
2D,Points:,19,Time:,0.0018727779388427734
2D,Points:,19,Time:,0.0019266605377197266
2D,Points:,19,Time:,0.0022382736206054688
2D,Points:,19,Time:,0.0019676685333251953
2D,Points:,19,Time:,0.0022885799407958984
2D,Points:,19,Time:,0.0020189285278320312
2D,Points:,19,Time:,0.0020933151245117188
2D,Points:,19,Time:,0.0019211769104003906
2D,Points:,19,Time:,0.002011537551879883
2D,Points:,19,Time:,0.0019288063049316406
2D,Points:,19,Time:,0.0019221305847167969
2D,Points:,19,Time:,0.001935720443725586
2D,Points:,19,Time:,0.002134084701538086
2D,Points:,19,Time:,0.002259492874145508
2D,Points:,19,Time:,0.002013683319091797
2D,Points:,19,Time:,0.0020029544830322266
2D,Points:,19,Time:,0.0018949508666992188
2D,Points:,19,Time:,0.0018968582153320312
2D,Points:,19,Time:,0.0019042491912841797
2D,Points:,19,Time:,0.00208282470703125
2D,Points:,20,Time:,0.0025169849395751953
2D,Points:,20,Time:,0.002313375473022461
2D,Points:,20,Time:,0.002309560775756836
2D,Points:,20,Time:,0.002169370651245117
2D,Points:,20,Time:,0.0021533966064453125
2D,Points:,20,Time:,0.002147197723388672
2D,Points:,20,Time:,0.002160787582397461
2D,Points:,20,Time:,0.002351045608520508
2D,Points:,20,Time:,0.002454519271850586
2D,Points:,20,Time:,0.0023109912872314453
2D,Points:,20,Time:,0.0022618770599365234
2D,Points:,20,Time:,0.0021638870239257812
2D,Points:,20,Time:,0.0021338462829589844
2D,Points:,20,Time:,0.0021889209747314453
2D,Points:,20,Time:,0.0022649765014648438
2D,Points:,20,Time:,0.0025663375854492188
2D,Points:,20,Time:,0.0023245811462402344
2D,Points:,20,Time:,0.002295255661010742
2D,Points:,20,Time:,0.002216815948486328
2D,Points:,20,Time:,0.002199888229370117
2D,Points:,21,Time:,0.0024271011352539062
2D,Points:,21,Time:,0.0026879310607910156
2D,Points:,21,Time:,0.0028181076049804688
2D,Points:,21,Time:,0.002576112747192383
2D,Points:,21,Time:,0.002470254898071289
2D,Points:,21,Time:,0.002479076385498047
2D,Points:,21,Time:,0.002471923828125
2D,Points:,21,Time:,0.002446889877319336
2D,Points:,21,Time:,0.002686738967895508
2D,Points:,21,Time:,0.003178119659423828
2D,Points:,21,Time:,0.002630472183227539
2D,Points:,21,Time:,0.002444028854370117
2D,Points:,21,Time:,0.0025234222412109375
2D,Points:,21,Time:,0.002422332763671875
2D,Points:,21,Time:,0.0026428699493408203
2D,Points:,21,Time:,0.0028562545776367188
2D,Points:,21,Time:,0.0026357173919677734
2D,Points:,21,Time:,0.00241851806640625
2D,Points:,21,Time:,0.002454996109008789
2D,Points:,21,Time:,0.0023827552795410156
2D,Points:,22,Time:,0.0029077529907226562
2D,Points:,22,Time:,0.0033032894134521484
2D,Points:,22,Time:,0.0029468536376953125
2D,Points:,22,Time:,0.0027916431427001953
2D,Points:,22,Time:,0.002702951431274414
2D,Points:,22,Time:,0.0026984214782714844
2D,Points:,22,Time:,0.0030319690704345703
2D,Points:,22,Time:,0.002778768539428711
2D,Points:,22,Time:,0.0027837753295898438
2D,Points:,22,Time:,0.0027196407318115234
2D,Points:,22,Time:,0.0026824474334716797
2D,Points:,22,Time:,0.0027399063110351562
2D,Points:,22,Time:,0.0028955936431884766
2D,Points:,22,Time:,0.0028314590454101562
2D,Points:,22,Time:,0.0027272701263427734
2D,Points:,22,Time:,0.0027043819427490234
2D,Points:,22,Time:,0.0029747486114501953
2D,Points:,22,Time:,0.0027065277099609375
2D,Points:,22,Time:,0.0029077529907226562
2D,Points:,22,Time:,0.002750396728515625
2D,Points:,23,Time:,0.0031752586364746094
2D,Points:,23,Time:,0.0030825138092041016
2D,Points:,23,Time:,0.003137350082397461
2D,Points:,23,Time:,0.003320455551147461
2D,Points:,23,Time:,0.003117084503173828
2D,Points:,23,Time:,0.0031156539916992188
2D,Points:,23,Time:,0.0031173229217529297
2D,Points:,23,Time:,0.003142833709716797
2D,Points:,23,Time:,0.0031197071075439453
2D,Points:,23,Time:,0.0033447742462158203
2D,Points:,23,Time:,0.0031197071075439453
2D,Points:,23,Time:,0.003039836883544922
2D,Points:,23,Time:,0.003011465072631836
2D,Points:,23,Time:,0.0030515193939208984
2D,Points:,23,Time:,0.0031976699829101562
2D,Points:,23,Time:,0.003178119659423828
2D,Points:,23,Time:,0.003044605255126953
2D,Points:,23,Time:,0.003043651580810547
2D,Points:,23,Time:,0.0033745765686035156
2D,Points:,23,Time:,0.003261566162109375
2D,Points:,24,Time:,0.0034303665161132812
2D,Points:,24,Time:,0.0034093856811523438
2D,Points:,24,Time:,0.0033597946166992188
2D,Points:,24,Time:,0.003481626510620117
2D,Points:,24,Time:,0.0035927295684814453
2D,Points:,24,Time:,0.003519773483276367
2D,Points:,24,Time:,0.0034732818603515625
2D,Points:,24,Time:,0.003464221954345703
2D,Points:,24,Time:,0.0034897327423095703
2D,Points:,24,Time:,0.0036215782165527344
2D,Points:,24,Time:,0.0034728050231933594
2D,Points:,24,Time:,0.0033142566680908203
2D,Points:,24,Time:,0.003381013870239258
2D,Points:,24,Time:,0.0036144256591796875
2D,Points:,24,Time:,0.003813505172729492
2D,Points:,24,Time:,0.0037202835083007812
2D,Points:,24,Time:,0.003419637680053711
2D,Points:,24,Time:,0.003443002700805664
2D,Points:,24,Time:,0.0040264129638671875
2D,Points:,24,Time:,0.0033636093139648438
2D,Points:,25,Time:,0.0037555694580078125
2D,Points:,25,Time:,0.0037145614624023438
2D,Points:,25,Time:,0.003942012786865234
2D,Points:,25,Time:,0.003702878952026367
2D,Points:,25,Time:,0.003656148910522461
2D,Points:,25,Time:,0.0035991668701171875
2D,Points:,25,Time:,0.003721952438354492
2D,Points:,25,Time:,0.0037686824798583984
2D,Points:,25,Time:,0.003681182861328125
2D,Points:,25,Time:,0.0036475658416748047
2D,Points:,25,Time:,0.003652334213256836
2D,Points:,25,Time:,0.004013776779174805
2D,Points:,25,Time:,0.003739595413208008
2D,Points:,25,Time:,0.003837108612060547
2D,Points:,25,Time:,0.0036516189575195312
2D,Points:,25,Time:,0.0037436485290527344
2D,Points:,25,Time:,0.004086971282958984
2D,Points:,25,Time:,0.0036449432373046875
2D,Points:,25,Time:,0.0038285255432128906
2D,Points:,25,Time:,0.0038139820098876953
2D,Points:,26,Time:,0.004508495330810547
2D,Points:,26,Time:,0.004263162612915039
2D,Points:,26,Time:,0.004253387451171875
2D,Points:,26,Time:,0.004256010055541992
2D,Points:,26,Time:,0.0044176578521728516
2D,Points:,26,Time:,0.004258632659912109
2D,Points:,26,Time:,0.004214763641357422
2D,Points:,26,Time:,0.004408597946166992
2D,Points:,26,Time:,0.004315376281738281
2D,Points:,26,Time:,0.004205465316772461
2D,Points:,26,Time:,0.00419163703918457
2D,Points:,26,Time:,0.004372119903564453
2D,Points:,26,Time:,0.004613161087036133
2D,Points:,26,Time:,0.0041811466217041016
2D,Points:,26,Time:,0.0042035579681396484
2D,Points:,26,Time:,0.004281520843505859
2D,Points:,26,Time:,0.004290580749511719
2D,Points:,26,Time:,0.00417017936706543
2D,Points:,26,Time:,0.004194974899291992
2D,Points:,26,Time:,0.0043561458587646484
2D,Points:,27,Time:,0.004649162292480469
2D,Points:,27,Time:,0.0046041011810302734
2D,Points:,27,Time:,0.0046961307525634766
2D,Points:,27,Time:,0.004880666732788086
2D,Points:,27,Time:,0.004570484161376953
2D,Points:,27,Time:,0.004762172698974609
2D,Points:,27,Time:,0.0054128170013427734
2D,Points:,27,Time:,0.00504612922668457
2D,Points:,27,Time:,0.004633426666259766
2D,Points:,27,Time:,0.004999637603759766
2D,Points:,27,Time:,0.004799604415893555
2D,Points:,27,Time:,0.0047113895416259766
2D,Points:,27,Time:,0.004553794860839844
2D,Points:,27,Time:,0.00487065315246582
2D,Points:,27,Time:,0.004638671875
2D,Points:,27,Time:,0.004673480987548828
2D,Points:,27,Time:,0.004862070083618164
2D,Points:,27,Time:,0.004792213439941406
2D,Points:,27,Time:,0.004898548126220703
2D,Points:,27,Time:,0.00468897819519043
2D,Points:,28,Time:,0.005480527877807617
2D,Points:,28,Time:,0.005716562271118164
2D,Points:,28,Time:,0.005228519439697266
2D,Points:,28,Time:,0.005460977554321289
2D,Points:,28,Time:,0.00498509407043457
2D,Points:,28,Time:,0.005331277847290039
2D,Points:,28,Time:,0.00547480583190918
2D,Points:,28,Time:,0.005211830139160156
2D,Points:,28,Time:,0.005361318588256836
2D,Points:,28,Time:,0.005567789077758789
2D,Points:,28,Time:,0.005354404449462891
2D,Points:,28,Time:,0.005234956741333008
2D,Points:,28,Time:,0.0053615570068359375
2D,Points:,28,Time:,0.0052111148834228516
2D,Points:,28,Time:,0.005612611770629883
2D,Points:,28,Time:,0.005226850509643555
2D,Points:,28,Time:,0.0051422119140625
2D,Points:,28,Time:,0.0050542354583740234
2D,Points:,28,Time:,0.00548863410949707
2D,Points:,28,Time:,0.005585670471191406
2D,Points:,29,Time:,0.007306575775146484
2D,Points:,29,Time:,0.00619053840637207
2D,Points:,29,Time:,0.0067291259765625
2D,Points:,29,Time:,0.008447647094726562
2D,Points:,29,Time:,0.006083488464355469
2D,Points:,29,Time:,0.005922079086303711
2D,Points:,29,Time:,0.00597381591796875
2D,Points:,29,Time:,0.006007671356201172
2D,Points:,29,Time:,0.005572319030761719
2D,Points:,29,Time:,0.005677700042724609
2D,Points:,29,Time:,0.005483150482177734
2D,Points:,29,Time:,0.005559444427490234
2D,Points:,29,Time:,0.005884408950805664
2D,Points:,29,Time:,0.005477428436279297
2D,Points:,29,Time:,0.005570650100708008
2D,Points:,29,Time:,0.00587153434753418
2D,Points:,29,Time:,0.005651712417602539
2D,Points:,29,Time:,0.00573420524597168
2D,Points:,29,Time:,0.006436824798583984
2D,Points:,29,Time:,0.006266117095947266
2D,Points:,30,Time:,0.006631135940551758
2D,Points:,30,Time:,0.006635189056396484
2D,Points:,30,Time:,0.00630950927734375
2D,Points:,30,Time:,0.006607770919799805
2D,Points:,30,Time:,0.006321907043457031
2D,Points:,30,Time:,0.006475210189819336
2D,Points:,30,Time:,0.006466388702392578
2D,Points:,30,Time:,0.006220817565917969
2D,Points:,30,Time:,0.006536722183227539
2D,Points:,30,Time:,0.006613969802856445
2D,Points:,30,Time:,0.006186246871948242
2D,Points:,30,Time:,0.00623321533203125
2D,Points:,30,Time:,0.006112813949584961
2D,Points:,30,Time:,0.006330251693725586
2D,Points:,30,Time:,0.006586551666259766
2D,Points:,30,Time:,0.0063114166259765625
2D,Points:,30,Time:,0.006799221038818359
2D,Points:,30,Time:,0.006341695785522461
2D,Points:,30,Time:,0.0062940120697021484
2D,Points:,30,Time:,0.006224870681762695
2D,Points:,31,Time:,0.007132053375244141
2D,Points:,31,Time:,0.006827116012573242
2D,Points:,31,Time:,0.006639003753662109
2D,Points:,31,Time:,0.0067026615142822266
2D,Points:,31,Time:,0.00662994384765625
2D,Points:,31,Time:,0.006645917892456055
2D,Points:,31,Time:,0.007978677749633789
2D,Points:,31,Time:,0.006600141525268555
2D,Points:,31,Time:,0.006913423538208008
2D,Points:,31,Time:,0.0067365169525146484
2D,Points:,31,Time:,0.0072290897369384766
2D,Points:,31,Time:,0.006804943084716797
2D,Points:,31,Time:,0.006556272506713867
2D,Points:,31,Time:,0.006901264190673828
2D,Points:,31,Time:,0.006639003753662109
2D,Points:,31,Time:,0.006667613983154297
2D,Points:,31,Time:,0.006570339202880859
2D,Points:,31,Time:,0.006483316421508789
2D,Points:,31,Time:,0.00686192512512207
2D,Points:,31,Time:,0.006658792495727539
2D,Points:,32,Time:,0.007718563079833984
2D,Points:,32,Time:,0.0070514678955078125
2D,Points:,32,Time:,0.007500886917114258
2D,Points:,32,Time:,0.00740814208984375
2D,Points:,32,Time:,0.007669210433959961
2D,Points:,32,Time:,0.007791757583618164
2D,Points:,32,Time:,0.007168769836425781
2D,Points:,32,Time:,0.00751185417175293
2D,Points:,32,Time:,0.0072994232177734375
2D,Points:,32,Time:,0.007561206817626953
2D,Points:,32,Time:,0.007745265960693359
2D,Points:,32,Time:,0.007243156433105469
2D,Points:,32,Time:,0.007344722747802734
2D,Points:,32,Time:,0.007719755172729492
2D,Points:,32,Time:,0.00730133056640625
2D,Points:,32,Time:,0.0070858001708984375
2D,Points:,32,Time:,0.007460832595825195
2D,Points:,32,Time:,0.007413148880004883
2D,Points:,32,Time:,0.007596254348754883
2D,Points:,32,Time:,0.007416248321533203
2D,Points:,33,Time:,0.008379936218261719
2D,Points:,33,Time:,0.0076329708099365234
2D,Points:,33,Time:,0.0079498291015625
2D,Points:,33,Time:,0.007827997207641602
2D,Points:,33,Time:,0.007902383804321289
2D,Points:,33,Time:,0.007725238800048828
2D,Points:,33,Time:,0.008324861526489258
2D,Points:,33,Time:,0.008074760437011719
2D,Points:,33,Time:,0.008059024810791016
2D,Points:,33,Time:,0.008813142776489258
2D,Points:,33,Time:,0.008093595504760742
2D,Points:,33,Time:,0.007970571517944336
2D,Points:,33,Time:,0.008078813552856445
2D,Points:,33,Time:,0.008111000061035156
2D,Points:,33,Time:,0.007968425750732422
2D,Points:,33,Time:,0.008012533187866211
2D,Points:,33,Time:,0.0078089237213134766
2D,Points:,33,Time:,0.008140802383422852
2D,Points:,33,Time:,0.008243560791015625
2D,Points:,33,Time:,0.007960796356201172
2D,Points:,34,Time:,0.008563041687011719
2D,Points:,34,Time:,0.008778095245361328
2D,Points:,34,Time:,0.00868844985961914
2D,Points:,34,Time:,0.008765697479248047
2D,Points:,34,Time:,0.008734464645385742
2D,Points:,34,Time:,0.008706092834472656
2D,Points:,34,Time:,0.008665084838867188
2D,Points:,34,Time:,0.008824348449707031
2D,Points:,34,Time:,0.008535146713256836
2D,Points:,34,Time:,0.00857090950012207
2D,Points:,34,Time:,0.00850987434387207
2D,Points:,34,Time:,0.008512020111083984
2D,Points:,34,Time:,0.008849382400512695
2D,Points:,34,Time:,0.008733034133911133
2D,Points:,34,Time:,0.008667230606079102
2D,Points:,34,Time:,0.008888006210327148
2D,Points:,34,Time:,0.008612632751464844
2D,Points:,34,Time:,0.008388996124267578
2D,Points:,34,Time:,0.008744478225708008
2D,Points:,34,Time:,0.00937509536743164
2D,Points:,35,Time:,0.010274171829223633
2D,Points:,35,Time:,0.010202169418334961
2D,Points:,35,Time:,0.0106048583984375
2D,Points:,35,Time:,0.01087188720703125
2D,Points:,35,Time:,0.00970149040222168
2D,Points:,35,Time:,0.009675264358520508
2D,Points:,35,Time:,0.009795665740966797
2D,Points:,35,Time:,0.009594440460205078
2D,Points:,35,Time:,0.009494543075561523
2D,Points:,35,Time:,0.009638547897338867
2D,Points:,35,Time:,0.009477615356445312
2D,Points:,35,Time:,0.00969243049621582
2D,Points:,35,Time:,0.009151220321655273
2D,Points:,35,Time:,0.00932931900024414
2D,Points:,35,Time:,0.00941324234008789
2D,Points:,35,Time:,0.009968757629394531
2D,Points:,35,Time:,0.009249687194824219
2D,Points:,35,Time:,0.009618997573852539
2D,Points:,35,Time:,0.009403705596923828
2D,Points:,35,Time:,0.00964665412902832
2D,Points:,36,Time:,0.010004997253417969
2D,Points:,36,Time:,0.009898900985717773
2D,Points:,36,Time:,0.01013803482055664
2D,Points:,36,Time:,0.010175943374633789
2D,Points:,36,Time:,0.010929107666015625
2D,Points:,36,Time:,0.010234832763671875
2D,Points:,36,Time:,0.010555505752563477
2D,Points:,36,Time:,0.010066986083984375
2D,Points:,36,Time:,0.009953737258911133
2D,Points:,36,Time:,0.009865283966064453
2D,Points:,36,Time:,0.01004791259765625
2D,Points:,36,Time:,0.010039329528808594
2D,Points:,36,Time:,0.010104179382324219
2D,Points:,36,Time:,0.010721921920776367
2D,Points:,36,Time:,0.010090827941894531
2D,Points:,36,Time:,0.01083517074584961
2D,Points:,36,Time:,0.010305166244506836
2D,Points:,36,Time:,0.010515689849853516
2D,Points:,36,Time:,0.010421514511108398
2D,Points:,36,Time:,0.010270833969116211
2D,Points:,37,Time:,0.01141047477722168
2D,Points:,37,Time:,0.011084794998168945
2D,Points:,37,Time:,0.011080503463745117
2D,Points:,37,Time:,0.010988235473632812
2D,Points:,37,Time:,0.011284589767456055
2D,Points:,37,Time:,0.011040925979614258
2D,Points:,37,Time:,0.010831594467163086
2D,Points:,37,Time:,0.011588811874389648
2D,Points:,37,Time:,0.010881900787353516
2D,Points:,37,Time:,0.010828971862792969
2D,Points:,37,Time:,0.011192083358764648
2D,Points:,37,Time:,0.011050701141357422
2D,Points:,37,Time:,0.011189699172973633
2D,Points:,37,Time:,0.011421918869018555
2D,Points:,37,Time:,0.011474132537841797
2D,Points:,37,Time:,0.010791778564453125
2D,Points:,37,Time:,0.011083841323852539
2D,Points:,37,Time:,0.011221647262573242
2D,Points:,37,Time:,0.010936260223388672
2D,Points:,37,Time:,0.01114797592163086
2D,Points:,38,Time:,0.012514829635620117
2D,Points:,38,Time:,0.013646602630615234
2D,Points:,38,Time:,0.012717485427856445
2D,Points:,38,Time:,0.013130426406860352
2D,Points:,38,Time:,0.012627840042114258
2D,Points:,38,Time:,0.01200723648071289
2D,Points:,38,Time:,0.01183772087097168
2D,Points:,38,Time:,0.012237548828125
2D,Points:,38,Time:,0.012286901473999023
2D,Points:,38,Time:,0.012088537216186523
2D,Points:,38,Time:,0.012299537658691406
2D,Points:,38,Time:,0.012449979782104492
2D,Points:,38,Time:,0.011987924575805664
2D,Points:,38,Time:,0.011926412582397461
2D,Points:,38,Time:,0.011976957321166992
2D,Points:,38,Time:,0.011900186538696289
2D,Points:,38,Time:,0.011745452880859375
2D,Points:,38,Time:,0.011824369430541992
2D,Points:,38,Time:,0.012098073959350586
2D,Points:,38,Time:,0.012309551239013672
2D,Points:,39,Time:,0.012761831283569336
2D,Points:,39,Time:,0.012511014938354492
2D,Points:,39,Time:,0.012804985046386719
2D,Points:,39,Time:,0.012888431549072266
2D,Points:,39,Time:,0.012774229049682617
2D,Points:,39,Time:,0.012871503829956055
2D,Points:,39,Time:,0.01280069351196289
2D,Points:,39,Time:,0.01295018196105957
2D,Points:,39,Time:,0.012875080108642578
2D,Points:,39,Time:,0.012460947036743164
2D,Points:,39,Time:,0.012929201126098633
2D,Points:,39,Time:,0.013031959533691406
2D,Points:,39,Time:,0.012834548950195312
2D,Points:,39,Time:,0.012880086898803711
2D,Points:,39,Time:,0.012966394424438477
2D,Points:,39,Time:,0.013105392456054688
2D,Points:,39,Time:,0.012976408004760742
2D,Points:,39,Time:,0.01302194595336914
2D,Points:,39,Time:,0.012439727783203125
2D,Points:,39,Time:,0.012822628021240234
2D,Points:,40,Time:,0.013829231262207031
2D,Points:,40,Time:,0.014039278030395508
2D,Points:,40,Time:,0.013753890991210938
2D,Points:,40,Time:,0.013930559158325195
2D,Points:,40,Time:,0.013372421264648438
2D,Points:,40,Time:,0.014035463333129883
2D,Points:,40,Time:,0.013679981231689453
2D,Points:,40,Time:,0.014114618301391602
2D,Points:,40,Time:,0.013871431350708008
2D,Points:,40,Time:,0.014411211013793945
2D,Points:,40,Time:,0.014459371566772461
2D,Points:,40,Time:,0.014769315719604492
2D,Points:,40,Time:,0.014984846115112305
2D,Points:,40,Time:,0.014153718948364258
2D,Points:,40,Time:,0.014039993286132812
2D,Points:,40,Time:,0.015527486801147461
2D,Points:,40,Time:,0.014629125595092773
2D,Points:,40,Time:,0.013698339462280273
2D,Points:,40,Time:,0.013712644577026367
2D,Points:,40,Time:,0.014206647872924805
2D,Points:,41,Time:,0.01461029052734375
2D,Points:,41,Time:,0.01514434814453125
2D,Points:,41,Time:,0.014656543731689453
2D,Points:,41,Time:,0.014760732650756836
2D,Points:,41,Time:,0.01486063003540039
2D,Points:,41,Time:,0.014661312103271484
2D,Points:,41,Time:,0.014246702194213867
2D,Points:,41,Time:,0.015044927597045898
2D,Points:,41,Time:,0.014711141586303711
2D,Points:,41,Time:,0.015022516250610352
2D,Points:,41,Time:,0.014924049377441406
2D,Points:,41,Time:,0.014630317687988281
2D,Points:,41,Time:,0.014733552932739258
2D,Points:,41,Time:,0.014485836029052734
2D,Points:,41,Time:,0.014382600784301758
2D,Points:,41,Time:,0.014203786849975586
2D,Points:,41,Time:,0.014580965042114258
2D,Points:,41,Time:,0.014243841171264648
2D,Points:,41,Time:,0.014940500259399414
2D,Points:,41,Time:,0.01507711410522461
2D,Points:,42,Time:,0.015312671661376953
2D,Points:,42,Time:,0.015549421310424805
2D,Points:,42,Time:,0.015578508377075195
2D,Points:,42,Time:,0.015678882598876953
2D,Points:,42,Time:,0.015310525894165039
2D,Points:,42,Time:,0.015349388122558594
2D,Points:,42,Time:,0.015550374984741211
2D,Points:,42,Time:,0.015297651290893555
2D,Points:,42,Time:,0.01567244529724121
2D,Points:,42,Time:,0.015181779861450195
2D,Points:,42,Time:,0.015476465225219727
2D,Points:,42,Time:,0.015517473220825195
2D,Points:,42,Time:,0.01554417610168457
2D,Points:,42,Time:,0.015764474868774414
2D,Points:,42,Time:,0.015139341354370117
2D,Points:,42,Time:,0.0157163143157959
2D,Points:,42,Time:,0.015627384185791016
2D,Points:,42,Time:,0.015579700469970703
2D,Points:,42,Time:,0.015916109085083008
2D,Points:,42,Time:,0.01601696014404297
2D,Points:,43,Time:,0.016444921493530273
2D,Points:,43,Time:,0.016831159591674805
2D,Points:,43,Time:,0.016777992248535156
2D,Points:,43,Time:,0.016450881958007812
2D,Points:,43,Time:,0.01649308204650879
2D,Points:,43,Time:,0.016182899475097656
2D,Points:,43,Time:,0.016974687576293945
2D,Points:,43,Time:,0.017081499099731445
2D,Points:,43,Time:,0.017253875732421875
2D,Points:,43,Time:,0.01668381690979004
2D,Points:,43,Time:,0.017206668853759766
2D,Points:,43,Time:,0.017191410064697266
2D,Points:,43,Time:,0.017458438873291016
2D,Points:,43,Time:,0.017967700958251953
2D,Points:,43,Time:,0.017055273056030273
2D,Points:,43,Time:,0.017197370529174805
2D,Points:,43,Time:,0.01720285415649414
2D,Points:,43,Time:,0.01689910888671875
2D,Points:,43,Time:,0.017153501510620117
2D,Points:,43,Time:,0.016928911209106445
2D,Points:,44,Time:,0.0177304744720459
2D,Points:,44,Time:,0.01761651039123535
2D,Points:,44,Time:,0.01756739616394043
2D,Points:,44,Time:,0.017849206924438477
2D,Points:,44,Time:,0.01739645004272461
2D,Points:,44,Time:,0.017419099807739258
2D,Points:,44,Time:,0.017730236053466797
2D,Points:,44,Time:,0.017499446868896484
2D,Points:,44,Time:,0.01748490333557129
2D,Points:,44,Time:,0.01727294921875
2D,Points:,44,Time:,0.01820826530456543
2D,Points:,44,Time:,0.01789569854736328
2D,Points:,44,Time:,0.017214298248291016
2D,Points:,44,Time:,0.017802953720092773
2D,Points:,44,Time:,0.017273664474487305
2D,Points:,44,Time:,0.017681598663330078
2D,Points:,44,Time:,0.017473220825195312
2D,Points:,44,Time:,0.01753520965576172
2D,Points:,44,Time:,0.01768803596496582
2D,Points:,44,Time:,0.01755070686340332
2D,Points:,45,Time:,0.01871466636657715
2D,Points:,45,Time:,0.019557476043701172
2D,Points:,45,Time:,0.01851034164428711
2D,Points:,45,Time:,0.018764972686767578
2D,Points:,45,Time:,0.018536090850830078
2D,Points:,45,Time:,0.018959999084472656
2D,Points:,45,Time:,0.01860189437866211
2D,Points:,45,Time:,0.018939971923828125
2D,Points:,45,Time:,0.018570423126220703
2D,Points:,45,Time:,0.01865839958190918
2D,Points:,45,Time:,0.01877737045288086
2D,Points:,45,Time:,0.018414020538330078
2D,Points:,45,Time:,0.019562244415283203
2D,Points:,45,Time:,0.01859426498413086
2D,Points:,45,Time:,0.018580913543701172
2D,Points:,45,Time:,0.01902031898498535
2D,Points:,45,Time:,0.018573760986328125
2D,Points:,45,Time:,0.01875925064086914
2D,Points:,45,Time:,0.018816709518432617
2D,Points:,45,Time:,0.018827438354492188
2D,Points:,46,Time:,0.019881486892700195
2D,Points:,46,Time:,0.01938009262084961
2D,Points:,46,Time:,0.020172119140625
2D,Points:,46,Time:,0.020699024200439453
2D,Points:,46,Time:,0.020163774490356445
2D,Points:,46,Time:,0.019691944122314453
2D,Points:,46,Time:,0.02022719383239746
2D,Points:,46,Time:,0.020971059799194336
2D,Points:,46,Time:,0.019931793212890625
2D,Points:,46,Time:,0.0194394588470459
2D,Points:,46,Time:,0.019644737243652344
2D,Points:,46,Time:,0.020548343658447266
2D,Points:,46,Time:,0.020817041397094727
2D,Points:,46,Time:,0.019517898559570312
2D,Points:,46,Time:,0.020003080368041992
2D,Points:,46,Time:,0.019889116287231445
2D,Points:,46,Time:,0.0197598934173584
2D,Points:,46,Time:,0.0197451114654541
2D,Points:,46,Time:,0.02011585235595703
2D,Points:,46,Time:,0.020075082778930664
2D,Points:,47,Time:,0.02121567726135254
2D,Points:,47,Time:,0.021178007125854492
2D,Points:,47,Time:,0.021661043167114258
2D,Points:,47,Time:,0.021212339401245117
2D,Points:,47,Time:,0.021212100982666016
2D,Points:,47,Time:,0.021254539489746094
2D,Points:,47,Time:,0.021268844604492188
2D,Points:,47,Time:,0.021083593368530273
2D,Points:,47,Time:,0.020884990692138672
2D,Points:,47,Time:,0.020899534225463867
2D,Points:,47,Time:,0.02123856544494629
2D,Points:,47,Time:,0.021555423736572266
2D,Points:,47,Time:,0.02175760269165039
2D,Points:,47,Time:,0.021185636520385742
2D,Points:,47,Time:,0.02125263214111328
2D,Points:,47,Time:,0.021305322647094727
2D,Points:,47,Time:,0.02169346809387207
2D,Points:,47,Time:,0.020931005477905273
2D,Points:,47,Time:,0.021015644073486328
2D,Points:,47,Time:,0.020942211151123047
2D,Points:,48,Time:,0.022676706314086914
2D,Points:,48,Time:,0.022813796997070312
2D,Points:,48,Time:,0.022774219512939453
2D,Points:,48,Time:,0.022830486297607422
2D,Points:,48,Time:,0.022579193115234375
2D,Points:,48,Time:,0.023036956787109375
2D,Points:,48,Time:,0.02271413803100586
2D,Points:,48,Time:,0.02242112159729004
2D,Points:,48,Time:,0.022863149642944336
2D,Points:,48,Time:,0.02228403091430664
2D,Points:,48,Time:,0.022522449493408203
2D,Points:,48,Time:,0.02244853973388672
2D,Points:,48,Time:,0.022492170333862305
2D,Points:,48,Time:,0.022733449935913086
2D,Points:,48,Time:,0.02301478385925293
2D,Points:,48,Time:,0.022223711013793945
2D,Points:,48,Time:,0.022545337677001953
2D,Points:,48,Time:,0.02317023277282715
2D,Points:,48,Time:,0.02443242073059082
2D,Points:,48,Time:,0.024400949478149414
2D,Points:,49,Time:,0.024314403533935547
2D,Points:,49,Time:,0.023859500885009766
2D,Points:,49,Time:,0.024299144744873047
2D,Points:,49,Time:,0.023964405059814453
2D,Points:,49,Time:,0.023263931274414062
2D,Points:,49,Time:,0.024291276931762695
2D,Points:,49,Time:,0.024039745330810547
2D,Points:,49,Time:,0.023888587951660156
2D,Points:,49,Time:,0.024193763732910156
2D,Points:,49,Time:,0.02377152442932129
2D,Points:,49,Time:,0.023975372314453125
2D,Points:,49,Time:,0.023926973342895508
2D,Points:,49,Time:,0.024056196212768555
2D,Points:,49,Time:,0.0233457088470459
2D,Points:,49,Time:,0.02523040771484375
2D,Points:,49,Time:,0.024280071258544922
2D,Points:,49,Time:,0.03314471244812012
2D,Points:,49,Time:,0.027906417846679688
2D,Points:,49,Time:,0.024271249771118164
2D,Points:,49,Time:,0.024359941482543945
2D,Points:,50,Time:,0.02554941177368164
2D,Points:,50,Time:,0.025339365005493164
2D,Points:,50,Time:,0.026207923889160156
2D,Points:,50,Time:,0.025876283645629883
2D,Points:,50,Time:,0.02483987808227539
2D,Points:,50,Time:,0.025181293487548828
2D,Points:,50,Time:,0.02554154396057129
2D,Points:,50,Time:,0.025818824768066406
2D,Points:,50,Time:,0.024918556213378906
2D,Points:,50,Time:,0.026096582412719727
2D,Points:,50,Time:,0.026378154754638672
2D,Points:,50,Time:,0.02612614631652832
2D,Points:,50,Time:,0.02681899070739746
2D,Points:,50,Time:,0.026941299438476562
2D,Points:,50,Time:,0.02736043930053711
2D,Points:,50,Time:,0.02669548988342285
2D,Points:,50,Time:,0.025567293167114258
2D,Points:,50,Time:,0.02620410919189453
2D,Points:,50,Time:,0.02665567398071289
2D,Points:,50,Time:,0.02521991729736328
2D,Points:,51,Time:,0.038343191146850586
2D,Points:,51,Time:,0.028001785278320312
2D,Points:,51,Time:,0.026348590850830078
2D,Points:,51,Time:,0.026355266571044922
2D,Points:,51,Time:,0.026803255081176758
2D,Points:,51,Time:,0.027061939239501953
2D,Points:,51,Time:,0.026653051376342773
2D,Points:,51,Time:,0.02687811851501465
2D,Points:,51,Time:,0.02662205696105957
2D,Points:,51,Time:,0.026305437088012695
2D,Points:,51,Time:,0.026443958282470703
2D,Points:,51,Time:,0.026355981826782227
2D,Points:,51,Time:,0.027556657791137695
2D,Points:,51,Time:,0.02806258201599121
2D,Points:,51,Time:,0.028593063354492188
2D,Points:,51,Time:,0.02817082405090332
2D,Points:,51,Time:,0.02887558937072754
2D,Points:,51,Time:,0.027330398559570312
2D,Points:,51,Time:,0.026666641235351562
2D,Points:,51,Time:,0.0270843505859375
2D,Points:,52,Time:,0.028809070587158203
2D,Points:,52,Time:,0.028452634811401367
2D,Points:,52,Time:,0.027986526489257812
2D,Points:,52,Time:,0.028490781784057617
2D,Points:,52,Time:,0.028447866439819336
2D,Points:,52,Time:,0.02810811996459961
2D,Points:,52,Time:,0.02840447425842285
2D,Points:,52,Time:,0.02856612205505371
2D,Points:,52,Time:,0.02845311164855957
2D,Points:,52,Time:,0.02814316749572754
2D,Points:,52,Time:,0.02904486656188965
2D,Points:,52,Time:,0.02844691276550293
2D,Points:,52,Time:,0.027922868728637695
2D,Points:,52,Time:,0.029314756393432617
2D,Points:,52,Time:,0.030018091201782227
2D,Points:,52,Time:,0.028501033782958984
2D,Points:,52,Time:,0.027919292449951172
2D,Points:,52,Time:,0.02872014045715332
2D,Points:,52,Time:,0.028287887573242188
2D,Points:,52,Time:,0.027878761291503906
2D,Points:,53,Time:,0.030558109283447266
2D,Points:,53,Time:,0.030220985412597656
2D,Points:,53,Time:,0.029915571212768555
2D,Points:,53,Time:,0.029815196990966797
2D,Points:,53,Time:,0.02964615821838379
2D,Points:,53,Time:,0.02997446060180664
2D,Points:,53,Time:,0.029998302459716797
2D,Points:,53,Time:,0.030748367309570312
2D,Points:,53,Time:,0.030194759368896484
2D,Points:,53,Time:,0.029079914093017578
2D,Points:,53,Time:,0.02967667579650879
2D,Points:,53,Time:,0.03001093864440918
2D,Points:,53,Time:,0.029315948486328125
2D,Points:,53,Time:,0.02948451042175293
2D,Points:,53,Time:,0.030177831649780273
2D,Points:,53,Time:,0.029732465744018555
2D,Points:,53,Time:,0.029793739318847656
2D,Points:,53,Time:,0.030431270599365234
2D,Points:,53,Time:,0.030010700225830078
2D,Points:,53,Time:,0.029756784439086914
2D,Points:,54,Time:,0.031679391860961914
2D,Points:,54,Time:,0.03134036064147949
2D,Points:,54,Time:,0.03119969367980957
2D,Points:,54,Time:,0.033255577087402344
2D,Points:,54,Time:,0.031531572341918945
2D,Points:,54,Time:,0.0312347412109375
2D,Points:,54,Time:,0.033441781997680664
2D,Points:,54,Time:,0.0329279899597168
2D,Points:,54,Time:,0.03198575973510742
2D,Points:,54,Time:,0.032147884368896484
2D,Points:,54,Time:,0.032193660736083984
2D,Points:,54,Time:,0.03179454803466797
2D,Points:,54,Time:,0.0320429801940918
2D,Points:,54,Time:,0.03282880783081055
2D,Points:,54,Time:,0.03166556358337402
2D,Points:,54,Time:,0.03115081787109375
2D,Points:,54,Time:,0.030718564987182617
2D,Points:,54,Time:,0.031073570251464844
2D,Points:,54,Time:,0.030959606170654297
2D,Points:,54,Time:,0.031636714935302734
2D,Points:,55,Time:,0.03298592567443848
2D,Points:,55,Time:,0.033011674880981445
2D,Points:,55,Time:,0.03452110290527344
2D,Points:,55,Time:,0.0332789421081543
2D,Points:,55,Time:,0.03322267532348633
2D,Points:,55,Time:,0.03257322311401367
2D,Points:,55,Time:,0.03303813934326172
2D,Points:,55,Time:,0.033071041107177734
2D,Points:,55,Time:,0.032683610916137695
2D,Points:,55,Time:,0.035170793533325195
2D,Points:,55,Time:,0.03489232063293457
2D,Points:,55,Time:,0.03357362747192383
2D,Points:,55,Time:,0.03396010398864746
2D,Points:,55,Time:,0.034444332122802734
2D,Points:,55,Time:,0.03299069404602051
2D,Points:,55,Time:,0.03316020965576172
2D,Points:,55,Time:,0.033914804458618164
2D,Points:,55,Time:,0.03382706642150879
2D,Points:,55,Time:,0.033693552017211914
2D,Points:,55,Time:,0.03300809860229492
2D,Points:,56,Time:,0.034127235412597656
2D,Points:,56,Time:,0.03512096405029297
2D,Points:,56,Time:,0.03520560264587402
2D,Points:,56,Time:,0.038817405700683594
2D,Points:,56,Time:,0.03582596778869629
2D,Points:,56,Time:,0.0361635684967041
2D,Points:,56,Time:,0.036034584045410156
2D,Points:,56,Time:,0.03688168525695801
2D,Points:,56,Time:,0.037459373474121094
2D,Points:,56,Time:,0.03578948974609375
2D,Points:,56,Time:,0.03410625457763672
2D,Points:,56,Time:,0.0354609489440918
2D,Points:,56,Time:,0.03463244438171387
2D,Points:,56,Time:,0.034844398498535156
2D,Points:,56,Time:,0.03457474708557129
2D,Points:,56,Time:,0.0352785587310791
2D,Points:,56,Time:,0.03467130661010742
2D,Points:,56,Time:,0.03557157516479492
2D,Points:,56,Time:,0.034626007080078125
2D,Points:,56,Time:,0.035491943359375
2D,Points:,57,Time:,0.036550045013427734
2D,Points:,57,Time:,0.06471061706542969
2D,Points:,57,Time:,0.03572249412536621
2D,Points:,57,Time:,0.03598761558532715
2D,Points:,57,Time:,0.0376589298248291
2D,Points:,57,Time:,0.03778553009033203
2D,Points:,57,Time:,0.03688454627990723
2D,Points:,57,Time:,0.03605294227600098
2D,Points:,57,Time:,0.03646516799926758
2D,Points:,57,Time:,0.03623342514038086
2D,Points:,57,Time:,0.03620028495788574
2D,Points:,57,Time:,0.03635287284851074
2D,Points:,57,Time:,0.03635239601135254
2D,Points:,57,Time:,0.03603839874267578
2D,Points:,57,Time:,0.036276817321777344
2D,Points:,57,Time:,0.036499977111816406
2D,Points:,57,Time:,0.03710794448852539
2D,Points:,57,Time:,0.03605198860168457
2D,Points:,57,Time:,0.03705739974975586
2D,Points:,57,Time:,0.036536216735839844
2D,Points:,58,Time:,0.03824329376220703
2D,Points:,58,Time:,0.03800249099731445
2D,Points:,58,Time:,0.037841796875
2D,Points:,58,Time:,0.03784942626953125
2D,Points:,58,Time:,0.03860926628112793
2D,Points:,58,Time:,0.03820180892944336
2D,Points:,58,Time:,0.03813767433166504
2D,Points:,58,Time:,0.03849649429321289
2D,Points:,58,Time:,0.03862643241882324
2D,Points:,58,Time:,0.03792428970336914
2D,Points:,58,Time:,0.03850388526916504
2D,Points:,58,Time:,0.04130864143371582
2D,Points:,58,Time:,0.03896069526672363
2D,Points:,58,Time:,0.038559675216674805
2D,Points:,58,Time:,0.03818964958190918
2D,Points:,58,Time:,0.03810834884643555
2D,Points:,58,Time:,0.03849434852600098
2D,Points:,58,Time:,0.03859663009643555
2D,Points:,58,Time:,0.0386357307434082
2D,Points:,58,Time:,0.0379486083984375
2D,Points:,59,Time:,0.04055595397949219
2D,Points:,59,Time:,0.04020333290100098
2D,Points:,59,Time:,0.04031729698181152
2D,Points:,59,Time:,0.03959965705871582
2D,Points:,59,Time:,0.04025864601135254
2D,Points:,59,Time:,0.04020571708679199
2D,Points:,59,Time:,0.040448904037475586
2D,Points:,59,Time:,0.040627241134643555
2D,Points:,59,Time:,0.04008030891418457
2D,Points:,59,Time:,0.04027366638183594
2D,Points:,59,Time:,0.04060173034667969
2D,Points:,59,Time:,0.0399174690246582
2D,Points:,59,Time:,0.04001116752624512
2D,Points:,59,Time:,0.04044175148010254
2D,Points:,59,Time:,0.040445804595947266
2D,Points:,59,Time:,0.040195465087890625
2D,Points:,59,Time:,0.04451560974121094
2D,Points:,59,Time:,0.04243636131286621
2D,Points:,59,Time:,0.04234194755554199
2D,Points:,59,Time:,0.04205942153930664
